id,title,description,category,subcategory,duration_minutes,energy_level,location,required_materials,skill_level,interests,age_suitability,purpose,instructions,safety_notes,tags
ACT001,Learn ten words of a new language,Pick a language you've always wanted to try and learn ten new words from a phrasebook or dictionary.,learn,language,20,low,home,"phrasebook or dictionary, notebook",easy,"[""languages"", ""reading""]",senior,"[""learning"", ""mastery""]","[""Choose a language"", ""Pick ten everyday words"", ""Write each word with its meaning"", ""Practice saying them aloud three times"", ""Use one word in a sentence today""]",,"[""language"", ""vocabulary"", ""self-study""]"
ACT002,Learn a magic trick,Learn one simple card or coin trick from a book and perform it for a grandchild or neighbour.,learn,performance,30,low,home,"deck of cards or coin, instruction book",easy,"[""magic"", ""performance"", ""family""]",senior,"[""learning"", ""connection""]","[""Choose a simple trick from a book"", ""Read the steps twice"", ""Practice the moves ten times"", ""Perform it in front of a mirror"", ""Show it to a grandchild""]",,"[""magic"", ""trick"", ""grandchildren""]"
ACT003,Identify local birds,Use a field guide to identify three birds visiting your garden or terrace.,learn,nature study,30,low,home,"bird field guide or printed list, binoculars if available",easy,"[""nature"", ""birdwatching""]",senior,"[""learning"", ""mental_wellbeing""]","[""Sit near a window or balcony"", ""Observe birds for 15 minutes"", ""Note their colour, size and call"", ""Match each to the field guide"", ""Write the names in a small notebook""]",,"[""birds"", ""nature"", ""observation""]"
ACT004,Learn three constellations,Step outside after dark and learn to identify three constellations using a star chart.,learn,astronomy,30,low,outdoor,"star chart or app printout, torch",easy,"[""astronomy"", ""science""]",senior,"[""learning""]","[""Print or borrow a simple star chart"", ""Go outside after sunset"", ""Locate the brightest star first"", ""Trace two more constellations from the chart"", ""Note the date and what you saw""]",Use a torch and wear proper footwear if stepping outside after dark.,"[""stars"", ""astronomy"", ""outdoor""]"
ACT005,Learn a Sanskrit shloka,Learn one short shloka along with its meaning from a book or elder in the family.,learn,spiritual study,25,low,home,book of shlokas,easy,"[""spirituality"", ""sanskrit"", ""reading""]",senior,"[""learning"", ""mental_wellbeing""]","[""Choose a short, familiar shloka"", ""Read its meaning line by line"", ""Recite it slowly five times"", ""Write it out once from memory"", ""Say it aloud without looking""]",,"[""shloka"", ""sanskrit"", ""spirituality""]"
ACT006,Learn to identify medicinal plants,Walk through your garden or a nearby park and learn the medicinal use of three common plants.,learn,nature study,30,medium,outdoor,a simple book on home remedies or medicinal plants,easy,"[""gardening"", ""ayurveda"", ""nature""]",senior,"[""learning""]","[""Pick a small booklet on medicinal plants"", ""Walk around your garden or a park"", ""Find three plants mentioned in the book"", ""Note their common home uses"", ""Share what you learned with a family member""]",Do not consume or apply any plant without consulting a qualified practitioner.,"[""plants"", ""ayurveda"", ""walking""]"
ACT007,Try basic calligraphy,Practice writing five letters or words in a decorative calligraphy style using a book or online reference.,learn,art skill,30,low,home,"calligraphy pen or brush, paper, reference book",moderate,"[""art"", ""writing"", ""calligraphy""]",senior,"[""learning"", ""creativity""]","[""Set up paper and a calligraphy pen"", ""Trace the reference strokes first"", ""Practice one letter ten times"", ""Write a short word neatly"", ""Keep your best attempt to display""]",,"[""calligraphy"", ""art"", ""handwriting""]"
ACT008,Learn a new chess opening,Study one classic chess opening from a book and try it out in a practice game.,learn,strategy game,40,medium,home,"chess set, chess book or printed notes",moderate,"[""chess"", ""strategy games""]",senior,"[""learning"", ""mastery""]","[""Read about one simple opening"", ""Set up the board and replay the first six moves"", ""Note why each move is played"", ""Play a practice game against yourself or a partner"", ""Write down one thing you'd do differently""]",,"[""chess"", ""strategy"", ""board game""]"
ACT009,Research a nearby historical monument,Read about the history of a monument or landmark near your city and share three facts with family.,learn,local history,30,low,home,"book, newspaper clipping, or library material",easy,"[""history"", ""local culture""]",senior,"[""learning""]","[""Choose a monument or landmark you know of"", ""Read about its history and builder"", ""Note three interesting facts"", ""Tell a family member or neighbour"", ""Plan a future visit if possible""]",,"[""history"", ""monument"", ""local culture""]"
ACT010,Play a simple tune on harmonium,Learn to play a simple five-note tune on the harmonium or keyboard using a beginner songbook.,learn,music,30,medium,home,"harmonium or keyboard, beginner songbook",moderate,"[""music"", ""harmonium""]",senior,"[""learning"", ""creativity""]","[""Choose a simple five-note tune"", ""Locate the notes on the instrument"", ""Practice the sequence slowly"", ""Repeat until it flows smoothly"", ""Play it once from memory""]",,"[""music"", ""harmonium"", ""instrument""]"
ACT011,Research your own family history,Ask an elder or look through old documents to learn one new fact about your family's history.,learn,genealogy,45,low,home,"old letters, photographs, or family register if available",easy,"[""history"", ""family"", ""genealogy""]",senior,"[""learning"", ""nostalgia"", ""connection""]","[""Choose one branch of the family to explore"", ""Look through old photos or documents"", ""Call or visit an elder relative"", ""Ask them one specific question"", ""Write down what you learned""]",,"[""genealogy"", ""family history"", ""research""]"
ACT012,Learn a basic knitting stitch,Learn one new knitting or crochet stitch from a book or by asking a friend who knits.,learn,craft skill,30,low,home,"knitting needles or crochet hook, wool",moderate,"[""knitting"", ""crafts""]",senior,"[""learning"", ""creativity""]","[""Pick one stitch you don't know yet"", ""Read or watch the steps once"", ""Practice on a small swatch"", ""Repeat the stitch for ten rows"", ""Compare it with the reference picture""]",,"[""knitting"", ""craft"", ""wool""]"
ACT013,Read about nutrition basics,Read a chapter of a nutrition book and note three changes you could make to your daily diet.,learn,health knowledge,30,low,home,nutrition book or pamphlet,easy,"[""health"", ""nutrition"", ""reading""]",senior,"[""learning"", ""physical_health""]","[""Choose a short chapter on daily nutrition"", ""Read it with a notebook nearby"", ""Note three practical takeaways"", ""Pick one change to try this week"", ""Share the idea with your family""]",Consult a doctor before making major dietary changes.,"[""nutrition"", ""health"", ""reading""]"
ACT014,Learn to maintain a paper household ledger,Set up a simple paper ledger to track monthly household expenses under a few clear headings.,learn,practical skill,30,low,home,"notebook, pen, old bills or receipts",easy,"[""finance"", ""organizing""]",senior,"[""learning"", ""mastery""]","[""Take a fresh notebook page"", ""List five expense headings"", ""Fill in this month's known expenses"", ""Total each heading"", ""Review it with a family member""]",,"[""budgeting"", ""ledger"", ""finance""]"
ACT015,Memorize a poem in your mother tongue,Choose a favourite poem and learn to recite it by heart in your mother tongue.,learn,literature,30,low,home,poetry book,easy,"[""poetry"", ""literature"", ""reading""]",senior,"[""learning"", ""nostalgia""]","[""Choose a short favourite poem"", ""Read it aloud three times"", ""Memorize it stanza by stanza"", ""Recite the full poem without looking"", ""Recite it to someone at home""]",,"[""poetry"", ""memory"", ""recitation""]"
ACT016,Watch and discuss a documentary,Borrow a documentary DVD from the library on a subject you're curious about and discuss it afterward.,learn,general knowledge,60,low,home,documentary DVD or library media,easy,"[""documentaries"", ""science"", ""history""]",senior,"[""learning""]","[""Borrow a documentary from the library"", ""Watch it with full attention, no phone"", ""Note two things that surprised you"", ""Discuss it with a family member"", ""Decide on your next topic to explore""]",,"[""documentary"", ""library"", ""learning""]"
ACT017,Learn basic first aid,Read through a first-aid pamphlet and practice one technique such as bandaging.,learn,health skill,30,low,home,"first-aid pamphlet, bandage roll",easy,"[""health"", ""safety""]",senior,"[""learning"", ""service""]","[""Get a basic first-aid pamphlet"", ""Read the section on minor injuries"", ""Practice a simple bandage technique"", ""Check your home first-aid box is stocked"", ""Note down the emergency numbers to keep handy""]",Practice bandaging gently and seek real medical help for actual injuries.,"[""first aid"", ""health"", ""safety""]"
ACT018,Learn a new recipe from another state,Choose a recipe from a region of India you've never cooked and learn its method from a cookbook.,learn,cooking skill,60,medium,home,"cookbook, ingredients for one dish",moderate,"[""cooking"", ""regional cuisine""]",senior,"[""learning"", ""creativity""]","[""Pick a regional recipe you haven't tried"", ""Read through the method twice"", ""Gather the ingredients"", ""Cook the dish step by step"", ""Note what you'd adjust next time""]",Take care while using the stove and sharp knives.,"[""cooking"", ""recipe"", ""regional cuisine""]"
ACT019,Learn ten common English idioms,Learn ten common idioms in English or another language and try using two in conversation today.,learn,language,20,low,home,"idiom book or list, notebook",easy,"[""languages"", ""reading""]",senior,"[""learning"", ""mastery""]","[""Find a list of ten common idioms"", ""Read each with its meaning"", ""Write two example sentences"", ""Use one idiom in conversation today"", ""Review the list again tomorrow""]",,"[""idioms"", ""language"", ""vocabulary""]"
ACT020,Study a map of your own city,Spread out a city map and learn the names and locations of five landmarks you've never visited.,learn,local geography,25,low,home,"city map, pen",easy,"[""geography"", ""local culture""]",senior,"[""learning""]","[""Get a physical map of your city"", ""Mark five places you've never visited"", ""Read a little about each one"", ""Choose one to visit this month"", ""Share the plan with a friend or family member""]",,"[""map"", ""geography"", ""city""]"
ACT021,Draw or sketch a favourite memory,Sketch a scene from a fond memory using pencil or crayons.,create,drawing,40,low,home,"paper, pencil or crayons",easy,"[""art"", ""drawing"", ""memory""]",senior,"[""creativity"", ""nostalgia""]","[""Recall a favourite memory"", ""Sketch the main scene loosely first"", ""Add details slowly"", ""Add colour if you like"", ""Show it to a family member and tell the story""]",,"[""drawing"", ""sketch"", ""memory""]"
ACT022,Make rangoli at the doorstep,Design and complete a small rangoli pattern at your doorstep using coloured powder or flowers.,create,traditional art,45,medium,home,"rangoli powder or flower petals, chalk",moderate,"[""art"", ""tradition"", ""rangoli""]",senior,"[""creativity""]","[""Sketch the outline with chalk"", ""Fill in the outer border first"", ""Add colour section by section"", ""Use flower petals for accents if desired"", ""Step back and admire the finished design""]",,"[""rangoli"", ""art"", ""tradition""]"
ACT023,Write a short story from your life,Write a one-page story about an interesting event from your life to share with family.,create,writing,45,low,home,paper and pen or notebook,easy,"[""writing"", ""storytelling"", ""memory""]",senior,"[""creativity"", ""nostalgia""]","[""Pick one memorable event"", ""Write the beginning in a few lines"", ""Describe what happened in order"", ""Add how it made you feel"", ""Read it aloud to someone""]",,"[""writing"", ""story"", ""memoir""]"
ACT024,Try embroidery on a small cloth,Practice a simple embroidery stitch on a small piece of cloth or handkerchief.,create,craft,40,low,home,"embroidery hoop, needle, thread, cloth",moderate,"[""embroidery"", ""crafts""]",senior,"[""creativity"", ""mastery""]","[""Choose a simple pattern to trace"", ""Thread the needle and knot the end"", ""Stitch along the traced lines"", ""Keep stitches even and steady"", ""Finish and admire the piece""]",Handle needles carefully.,"[""embroidery"", ""craft"", ""sewing""]"
ACT025,Compose a short poem,"Write a four to eight line poem about a season, a memory, or a feeling.",create,writing,30,low,home,paper and pen,easy,"[""poetry"", ""writing""]",senior,"[""creativity""]","[""Choose a simple theme"", ""Write the first line freely"", ""Build three more lines around it"", ""Read it aloud and adjust the rhythm"", ""Share it with someone or keep it in a journal""]",,"[""poetry"", ""writing"", ""creativity""]"
ACT026,Make a greeting card by hand,Design and make a handmade greeting card for an upcoming birthday or festival.,create,craft,40,low,home,"coloured paper, scissors, glue, markers",easy,"[""crafts"", ""art""]",senior,"[""creativity"", ""connection""]","[""Fold a sheet of coloured paper in half"", ""Sketch a simple design on the front"", ""Colour and decorate it"", ""Write a short message inside"", ""Deliver or mail it to the recipient""]",,"[""greeting card"", ""craft"", ""gift""]"
ACT027,Try pottery or clay modelling,"Shape a small pot, diya, or figure using air-dry clay.",create,pottery,45,medium,home,"air-dry clay, water, a flat surface",moderate,"[""pottery"", ""crafts"", ""sculpture""]",senior,"[""creativity""]","[""Knead the clay until soft"", ""Shape a base for your object"", ""Build up the form gradually"", ""Smooth the surface with wet fingers"", ""Leave it to dry and paint later if desired""]",,"[""clay"", ""pottery"", ""craft""]"
ACT028,Arrange a flower bouquet,Cut and arrange flowers from the garden or market into a simple bouquet for the home.,create,floral art,25,low,home,"flowers, vase, scissors",easy,"[""flowers"", ""gardening"", ""art""]",senior,"[""creativity"", ""mental_wellbeing""]","[""Choose flowers of varied height"", ""Trim the stems at an angle"", ""Place the tallest flowers first"", ""Fill in with smaller blooms"", ""Set the vase where you'll see it often""]",Be careful with scissors and thorny stems.,"[""flowers"", ""arrangement"", ""home decor""]"
ACT029,Record a voice memory for family,Record yourself narrating a favourite family story or piece of advice to pass on.,create,oral history,20,low,home,recording device (phone or recorder),easy,"[""storytelling"", ""family"", ""memory""]",senior,"[""creativity"", ""nostalgia"", ""connection""]","[""Decide which story or advice to share"", ""Find a quiet spot to record"", ""Speak naturally as if telling a grandchild"", ""Play it back and re-record if needed"", ""Save it and share the file with family""]",,"[""voice recording"", ""storytelling"", ""legacy""]"
ACT030,Paint a small canvas or postcard,"Paint a simple scene, flower, or pattern on a small canvas or postcard-sized paper.",create,painting,45,low,home,"watercolours or acrylics, small canvas or paper, brush",moderate,"[""painting"", ""art""]",senior,"[""creativity""]","[""Sketch a light outline first"", ""Choose two or three main colours"", ""Paint the background first"", ""Add details once the base dries"", ""Sign and display your work""]",,"[""painting"", ""art"", ""canvas""]"
ACT031,Write a letter to your younger self,Write a reflective letter offering advice and encouragement to your younger self.,create,writing,30,low,home,paper and pen,easy,"[""writing"", ""reflection""]",senior,"[""creativity"", ""mental_wellbeing"", ""nostalgia""]","[""Think of yourself at twenty-five"", ""Write what you wish you'd known"", ""Add one proud memory"", ""Add one piece of encouragement"", ""Keep the letter or share it with a grandchild""]",,"[""letter"", ""reflection"", ""writing""]"
ACT032,Make a photo collage,Cut and arrange printed family photographs into a themed collage on card paper.,create,craft,45,low,home,"printed photographs, card paper, glue, scissors",easy,"[""photography"", ""memory"", ""crafts""]",senior,"[""creativity"", ""nostalgia""]","[""Choose eight to ten photos with a theme"", ""Arrange them on the card before gluing"", ""Trim edges neatly if needed"", ""Glue each photo in place"", ""Add a title or date underneath""]",,"[""collage"", ""photos"", ""craft""]"
ACT033,Try origami folding,Learn to fold one origami shape such as a crane or box using a diagram.,create,paper craft,30,low,home,"square origami paper, diagram sheet",moderate,"[""origami"", ""crafts""]",senior,"[""creativity"", ""mastery""]","[""Choose one simple shape"", ""Follow the diagram fold by fold"", ""Crease each fold firmly"", ""Redo any step that goes wrong"", ""Make a second one to gift""]",,"[""origami"", ""paper"", ""craft""]"
ACT034,Design a family recipe card,Write out a treasured family recipe neatly on a card to preserve and share it.,create,writing,30,low,home,"recipe card or paper, pen",easy,"[""cooking"", ""family"", ""writing""]",senior,"[""creativity"", ""nostalgia"", ""connection""]","[""Choose a recipe passed down in the family"", ""Write out ingredients clearly"", ""Write the steps in order"", ""Add a small personal note about its history"", ""Give a copy to a younger family member""]",,"[""recipe"", ""family"", ""writing""]"
ACT035,Try block printing on fabric,Use a carved stamp or vegetable stamp to print a simple pattern onto a plain cloth.,create,fabric art,40,medium,home,"fabric, fabric paint, stamp (carved or vegetable), cloth to protect surface",moderate,"[""fabric art"", ""crafts""]",senior,"[""creativity""]","[""Lay the fabric flat on a protected surface"", ""Dip the stamp lightly in paint"", ""Press firmly and evenly onto the cloth"", ""Repeat in a pattern"", ""Let it dry fully before using""]",,"[""block printing"", ""fabric"", ""craft""]"
ACT036,Write a song or bhajan verse,Write one new verse for a devotional song or a simple tune using a familiar melody.,create,music writing,30,low,home,paper and pen,moderate,"[""music"", ""spirituality"", ""writing""]",senior,"[""creativity"", ""mental_wellbeing""]","[""Choose a familiar tune or raga"", ""Pick a theme for the verse"", ""Write two lines and hum them"", ""Refine the words to fit the rhythm"", ""Sing the finished verse aloud""]",,"[""bhajan"", ""music"", ""writing""]"
ACT037,Carve or decorate a diya,Decorate plain clay diyas with paint or mirror work ahead of a festival.,create,festival craft,35,low,home,"clay diyas, paint, small mirrors or beads, glue",easy,"[""crafts"", ""festivals""]",senior,"[""creativity""]","[""Clean the diya surface"", ""Sketch a simple pattern lightly"", ""Paint the base colour"", ""Add dots, mirrors or beads once dry"", ""Set aside to dry fully before use""]",,"[""diya"", ""festival"", ""craft""]"
ACT038,Make a small wooden repair project,Build or repair a small wooden item such as a stool leg or shelf using basic tools.,create,woodwork,60,medium,home,"basic toolkit, wood glue, sandpaper",moderate,"[""woodworking"", ""diy""]",senior,"[""creativity"", ""mastery""]","[""Inspect the item and identify the issue"", ""Sand any rough edges"", ""Apply wood glue where needed"", ""Clamp or hold firmly until set"", ""Check the repair is sturdy before use""]",Handle tools carefully and wear eye protection if cutting or sanding.,"[""woodwork"", ""repair"", ""diy""]"
ACT039,Design a family tree chart,Draw a simple family tree covering three generations on a large sheet of paper.,create,genealogy craft,45,low,home,"large paper, pen, family details",easy,"[""family"", ""genealogy"", ""art""]",senior,"[""creativity"", ""nostalgia"", ""connection""]","[""Draw the tree structure lightly in pencil"", ""Add your generation first"", ""Add parents and grandparents' names"", ""Add children and grandchildren"", ""Ink it in and display it at home""]",,"[""family tree"", ""genealogy"", ""art""]"
ACT040,Sew a simple cloth bag,Stitch a small reusable cloth bag by hand or on a sewing machine.,create,sewing,45,medium,home,"cloth, needle and thread or sewing machine, scissors",moderate,"[""sewing"", ""crafts"", ""sustainability""]",senior,"[""creativity"", ""contribution""]","[""Cut two matching rectangles of cloth"", ""Pin the edges together"", ""Stitch three sides leaving the top open"", ""Fold and stitch a hem at the top"", ""Attach handles and use it for shopping""]",Handle needles and machine carefully.,"[""sewing"", ""bag"", ""craft""]"
ACT041,Teach a mathematics concept,Explain one mathematics concept simply to a child or young learner nearby.,connect,teaching,40,medium,home,paper and pen,easy,"[""mathematics"", ""teaching"", ""education""]",senior,"[""connection"", ""contribution"", ""mastery""]","[""Choose one concept you know well"", ""Explain it simply with an example"", ""Give the learner one problem to try"", ""Check their answer together"", ""Encourage them and set a next topic""]",,"[""teaching"", ""mathematics"", ""mentoring""]"
ACT042,Have a long phone call with an old friend,"Call a friend you haven't spoken to in a while and catch up properly, without rushing.",connect,friendship,30,low,home,phone,easy,"[""friendship"", ""conversation""]",senior,"[""connection""]","[""Choose a friend you've been meaning to call"", ""Set aside a quiet time to talk"", ""Ask about their life in detail"", ""Share what's new with you"", ""Plan when to speak or meet next""]",,"[""phone call"", ""friendship"", ""connection""]"
ACT043,Tell stories to grandchildren,Share two or three stories from your childhood or youth with grandchildren or young relatives.,connect,storytelling,30,low,home,none,easy,"[""storytelling"", ""family""]",senior,"[""connection"", ""nostalgia""]","[""Think of two memorable stories"", ""Sit comfortably with the children"", ""Tell the first story with detail and expression"", ""Let them ask questions"", ""Tell the second story if there's time""]",,"[""storytelling"", ""grandchildren"", ""family""]"
ACT044,Invite a neighbour for tea,"Invite a neighbour over for tea and conversation, especially someone you rarely talk to.",connect,neighbourhood,45,low,home,tea and light snacks,easy,"[""community"", ""conversation""]",senior,"[""connection""]","[""Choose a neighbour to invite"", ""Prepare tea and a light snack"", ""Ask them over for a set time"", ""Talk about their family and interests"", ""Suggest meeting again""]",,"[""neighbour"", ""tea"", ""community""]"
ACT045,Mentor a young job-seeker,Offer career advice or interview tips to a young person from your community who is job-hunting.,connect,mentoring,45,medium,home,none,moderate,"[""mentoring"", ""career"", ""teaching""]",senior,"[""connection"", ""contribution"", ""service""]","[""Identify a young person seeking guidance"", ""Ask about their goals and challenges"", ""Share relevant experience from your career"", ""Give one specific, actionable tip"", ""Offer to review their resume or practice questions""]",,"[""mentoring"", ""career advice"", ""youth""]"
ACT046,Play carrom or chess with a neighbour,Invite a neighbour or friend over for a friendly game of carrom or chess.,connect,games,45,medium,home,carrom board or chess set,easy,"[""board games"", ""chess"", ""carrom""]",senior,"[""connection""]","[""Set up the board"", ""Invite a neighbour or friend over"", ""Play one or two full games"", ""Chat between turns"", ""Plan a rematch for next week""]",,"[""carrom"", ""chess"", ""games""]"
ACT047,Attend a community satsang,Attend a local satsang or community prayer gathering and connect with others there.,connect,community,60,low,community,none,easy,"[""spirituality"", ""community""]",senior,"[""connection"", ""mental_wellbeing""]","[""Find out the timing of a nearby satsang"", ""Travel there with a neighbour if possible"", ""Participate in the singing or discussion"", ""Speak with two new people afterward"", ""Note the next gathering date""]",,"[""satsang"", ""community"", ""spirituality""]"
ACT048,Video call a distant relative,Set up a video call with a relative living far away and catch up properly.,connect,family,30,low,home,phone or computer with video call app,easy,"[""family"", ""technology""]",senior,"[""connection""]","[""Choose a relative you haven't seen in a while"", ""Ask a family member to help set up the call if needed"", ""Prepare two or three topics to discuss"", ""Have the call and really listen"", ""Set a date for the next call""]",,"[""video call"", ""family"", ""technology""]"
ACT049,Organize a small neighbourhood get-together,Plan and host a simple tea or snacks gathering for a few neighbours in your building or street.,connect,community,60,medium,neighborhood,"snacks, seating",moderate,"[""community"", ""hosting""]",senior,"[""connection""]","[""Decide a date and invite three or four neighbours"", ""Prepare simple snacks and tea"", ""Arrange seating in a common area"", ""Encourage everyone to share something about themselves"", ""Suggest making it a regular gathering""]",,"[""neighbourhood"", ""gathering"", ""community""]"
ACT050,Write and send a letter to an old friend,Write a handwritten letter to a friend from your youth and post it.,connect,correspondence,30,low,home,"paper, pen, envelope, stamp",easy,"[""writing"", ""friendship"", ""nostalgia""]",senior,"[""connection"", ""nostalgia""]","[""Choose a friend to write to"", ""Recall a shared memory to mention"", ""Write the letter by hand"", ""Address and stamp the envelope"", ""Post it at the local post office""]",,"[""letter"", ""friendship"", ""post""]"
ACT051,Help a child with homework,Spend time helping a grandchild or neighbour's child with a school subject they find difficult.,connect,teaching,40,medium,home,"school textbook, notebook",easy,"[""teaching"", ""education"", ""family""]",senior,"[""connection"", ""contribution""]","[""Ask which subject is troubling them"", ""Review the relevant chapter together"", ""Explain one concept with a simple example"", ""Have them solve two practice questions"", ""Praise their effort and plan the next session""]",,"[""homework"", ""teaching"", ""children""]"
ACT052,Share a meal with someone who lives alone,Cook a little extra and share a meal with a neighbour or friend who lives alone.,connect,hospitality,60,medium,home,ingredients for a meal,easy,"[""cooking"", ""hospitality"", ""community""]",senior,"[""connection"", ""service""]","[""Think of someone who lives alone nearby"", ""Cook a little extra of today's meal"", ""Invite them over or deliver a portion"", ""Sit and eat together if possible"", ""Ask when you can do this again""]",,"[""meal"", ""hospitality"", ""community""]"
ACT053,Reconnect with an old colleague,Reach out to a former colleague you worked closely with and catch up on each other's lives.,connect,professional friendship,30,low,home,phone,easy,"[""career"", ""friendship""]",senior,"[""connection"", ""nostalgia""]","[""Think of a colleague you lost touch with"", ""Call or message them"", ""Reminisce about your working days together"", ""Ask about their life since then"", ""Suggest meeting in person sometime""]",,"[""colleague"", ""reconnect"", ""friendship""]"
ACT054,Join a local walking group,Join or start a small group of neighbours who walk together each morning or evening.,connect,community exercise,30,medium,neighborhood,comfortable shoes,easy,"[""walking"", ""community"", ""fitness""]",senior,"[""connection"", ""physical_health""]","[""Identify two or three neighbours who also walk"", ""Agree on a regular time and route"", ""Walk together at a comfortable pace"", ""Chat throughout the walk"", ""Confirm the next walking day""]","Wear supportive footwear and walk on even, well-lit paths.","[""walking group"", ""community"", ""exercise""]"
ACT055,Facilitate a family discussion evening,Host a family evening where each member shares one highlight and one challenge from their week.,connect,family bonding,45,low,home,none,easy,"[""family"", ""conversation""]",senior,"[""connection""]","[""Gather the family after dinner"", ""Ask each person to share a weekly highlight"", ""Ask each person to share one challenge"", ""Offer support or advice where welcome"", ""End on a positive shared thought""]",,"[""family"", ""discussion"", ""bonding""]"
ACT056,Volunteer to read to children at a library,Offer to read storybooks aloud to children at a local library's story hour.,connect,volunteering,45,medium,community,storybooks (usually provided by the library),easy,"[""reading"", ""children"", ""volunteering""]",senior,"[""connection"", ""contribution"", ""service""]","[""Contact the local library about story hour"", ""Choose two or three engaging storybooks"", ""Read with expression and pauses for questions"", ""Encourage the children to participate"", ""Ask about volunteering regularly""]",,"[""library"", ""reading"", ""volunteering""]"
ACT057,Attend a grandchild's school event,"Attend a school function, sports day, or annual day for a grandchild and cheer them on.",connect,family,90,medium,community,none,easy,"[""family"", ""children""]",senior,"[""connection""]","[""Confirm the event date and time"", ""Plan your travel in advance"", ""Attend and sit where they can see you"", ""Cheer and take a few photos"", ""Congratulate them warmly afterward""]",,"[""school event"", ""grandchildren"", ""family""]"
ACT058,Start a small book discussion circle,Invite two or three friends to read the same book and meet to discuss it over tea.,connect,book club,60,low,home,"the chosen book, tea",easy,"[""reading"", ""books"", ""conversation""]",senior,"[""connection"", ""learning""]","[""Choose a book and share it with two or three friends"", ""Agree on a date to meet after reading"", ""Prepare two discussion questions"", ""Meet over tea and discuss the book"", ""Pick the next book together""]",,"[""book club"", ""reading"", ""friends""]"
ACT059,Offer to babysit for a working parent,Offer to look after a young relative or neighbour's child for a few hours to help a working parent.,connect,family support,90,medium,home,none,easy,"[""family"", ""children""]",senior,"[""connection"", ""contribution"", ""service""]","[""Offer your time to a working parent you know"", ""Agree on the hours and any instructions"", ""Engage the child in play or simple activities"", ""Keep them fed, safe, and entertained"", ""Hand over calmly when the parent returns""]",Keep a close eye on young children at all times and know emergency contacts.,"[""babysitting"", ""family support"", ""children""]"
ACT060,Have a heart-to-heart with your spouse or partner,Set aside uninterrupted time to talk openly with your spouse or partner about hopes for the coming months.,connect,companionship,30,low,home,none,easy,"[""relationships"", ""conversation""]",senior,"[""connection"", ""mental_wellbeing""]","[""Choose a quiet, unhurried moment"", ""Put away phones and distractions"", ""Ask about their hopes for the coming months"", ""Share your own honestly"", ""Agree on one thing to look forward to together""]",,"[""spouse"", ""relationship"", ""conversation""]"
ACT061,Volunteer at a community kitchen,Spend a few hours helping prepare or serve food at a local community kitchen or langar.,contribute,volunteering,90,medium,community,none (provided at venue),easy,"[""cooking"", ""volunteering"", ""service""]",senior,"[""contribution"", ""service""]","[""Contact the community kitchen about volunteer timings"", ""Arrive in comfortable, washable clothing"", ""Help with chopping, serving, or cleaning as assigned"", ""Work alongside other volunteers"", ""Ask about the next volunteering slot""]",Follow the kitchen's hygiene and safety guidelines.,"[""community kitchen"", ""volunteering"", ""food""]"
ACT062,Donate and sort old clothes,Sort through old clothes at home and prepare a bag for donation to a local charity.,contribute,donation,45,medium,home,bags for sorting,easy,"[""organizing"", ""charity""]",senior,"[""contribution"", ""service""]","[""Go through one wardrobe or cupboard"", ""Separate clothes in good condition"", ""Fold and pack them into a donation bag"", ""Find a nearby charity or donation drive"", ""Drop off or arrange a pickup""]",,"[""donation"", ""clothes"", ""charity""]"
ACT063,Tutor an underprivileged child for free,Offer one free tutoring session in a subject you're strong in to a child who can't afford tuition.,contribute,teaching,45,medium,community,"textbook, notebook",moderate,"[""teaching"", ""education"", ""service""]",senior,"[""contribution"", ""service"", ""connection""]","[""Identify a child through a local NGO or contact"", ""Prepare a simple lesson on their weak topic"", ""Teach with patience and examples"", ""Assign a small practice task"", ""Schedule the next free session""]","Meet in a safe, public, or supervised setting.","[""tutoring"", ""volunteering"", ""education""]"
ACT064,Help clean up a local park,Join or organize a small group to pick up litter in a nearby park or street.,contribute,environment,45,medium,outdoor,"gloves, a trash bag",easy,"[""environment"", ""community""]",senior,"[""contribution"", ""service"", ""physical_health""]","[""Choose a park or street stretch to clean"", ""Wear gloves and bring bags"", ""Walk the area collecting litter"", ""Dispose of it in the correct bins"", ""Invite others to join next time""]",Wear gloves and avoid handling sharp or hazardous waste directly.,"[""cleanup"", ""environment"", ""volunteering""]"
ACT065,Write letters of encouragement to hospital patients,"Write a few short, cheerful letters to be given to patients at a local hospital or care home.",contribute,community service,30,low,home,"paper, pen, envelopes",easy,"[""writing"", ""service""]",senior,"[""contribution"", ""service""]","[""Check with a hospital or care home about accepting letters"", ""Write two or three short, warm notes"", ""Keep the tone hopeful and simple"", ""Seal and label the envelopes"", ""Deliver or send them to the facility""]",,"[""letters"", ""hospital"", ""service""]"
ACT066,Repair and donate old toys,Fix small damages in old toys at home and donate them to a children's shelter.,contribute,donation,45,medium,home,"basic toolkit, old toys",moderate,"[""diy"", ""children"", ""charity""]",senior,"[""contribution"", ""service"", ""creativity""]","[""Gather toys that need minor repair"", ""Fix loose parts or clean them up"", ""Test each toy works safely"", ""Pack them in a bag"", ""Donate to a children's shelter or NGO""]",Ensure repaired toys have no sharp edges or small loose parts.,"[""toys"", ""repair"", ""donation""]"
ACT067,Give a talk at a community centre,Prepare and deliver a short talk on a topic of your expertise at a local community centre.,contribute,knowledge sharing,45,medium,community,"notes, simple visual aids if desired",moderate,"[""public speaking"", ""teaching""]",senior,"[""contribution"", ""mastery"", ""connection""]","[""Choose a topic you know well"", ""Prepare five key points"", ""Practice the talk once at home"", ""Deliver the talk clearly and slowly"", ""Take a few questions afterward""]",,"[""public speaking"", ""community"", ""talk""]"
ACT068,Plant a tree in the neighbourhood,Plant a sapling in a common area or park with permission from local authorities or your society.,contribute,environment,45,medium,neighborhood,"sapling, spade, water",easy,"[""gardening"", ""environment""]",senior,"[""contribution"", ""service""]","[""Get permission for a suitable spot"", ""Dig a hole of the right depth"", ""Place the sapling and fill the soil around it"", ""Water it thoroughly"", ""Check on it regularly in the following weeks""]",Use proper posture while digging to avoid back strain.,"[""tree planting"", ""environment"", ""gardening""]"
ACT069,Collect and distribute blankets in winter,Collect spare blankets from your building or society and distribute them to those in need before winter.,contribute,seasonal service,90,medium,neighborhood,"collected blankets, transport",easy,"[""charity"", ""community""]",senior,"[""contribution"", ""service""]","[""Ask neighbours for spare blankets in good condition"", ""Sort and fold them"", ""Identify a location or group in need nearby"", ""Distribute them personally with a kind word"", ""Note the outcome to share with donors""]",,"[""blanket drive"", ""winter"", ""charity""]"
ACT070,Offer free computer or smartphone help to elders,Help another senior in your community learn a smartphone or computer skill they've been struggling with.,contribute,digital literacy,30,medium,home,smartphone or computer,easy,"[""technology"", ""teaching""]",senior,"[""contribution"", ""service"", ""connection""]","[""Ask what specific task they're stuck on"", ""Demonstrate the steps slowly once"", ""Let them try it themselves"", ""Write down the steps for them to keep"", ""Offer to help again if needed""]",,"[""digital literacy"", ""technology"", ""elders""]"
ACT071,Prepare and deliver food to a needy family,Cook an extra portion of a nutritious meal and deliver it to a family you know is struggling.,contribute,direct service,60,medium,home,"ingredients, food containers",easy,"[""cooking"", ""service""]",senior,"[""contribution"", ""service""]","[""Identify a family in need discreetly"", ""Cook a nutritious extra portion"", ""Pack it securely in containers"", ""Deliver it respectfully"", ""Check in on them another day""]",Ensure food is packed hygienically and delivered promptly.,"[""food donation"", ""service"", ""cooking""]"
ACT072,Organize a small blood donation awareness talk,Share information about the importance and process of blood donation with your local community group.,contribute,health awareness,30,low,community,printed information sheet,easy,"[""health"", ""public speaking""]",senior,"[""contribution"", ""service""]","[""Gather basic facts about blood donation"", ""Prepare a short, clear talk"", ""Share it at a community or society meeting"", ""Answer common questions or myths"", ""Share contact details of the nearest blood bank""]",,"[""blood donation"", ""awareness"", ""health""]"
ACT073,Mend and donate a library's damaged books,Repair torn pages or loose bindings of books at a community or school library.,contribute,volunteering,45,low,community,"tape, glue, provided by library if needed",moderate,"[""books"", ""reading"", ""diy""]",senior,"[""contribution"", ""service""]","[""Ask the library which books need repair"", ""Gently tape torn pages"", ""Reinforce loose spines with glue"", ""Stack repaired books neatly"", ""Offer to help again on a regular basis""]",,"[""book repair"", ""library"", ""volunteering""]"
ACT074,Coach a skill to unemployed youth,"Teach a practical skill you know, such as basic accounting or a craft, to unemployed young people in your area.",contribute,skill training,60,medium,community,materials relevant to the skill being taught,moderate,"[""teaching"", ""mentoring"", ""career""]",senior,"[""contribution"", ""service"", ""mastery""]","[""Choose a marketable skill you know well"", ""Find interested youth through a local group"", ""Break the skill into simple steps"", ""Demonstrate and let them practice"", ""Plan a follow-up session""]",,"[""skill training"", ""youth"", ""mentoring""]"
ACT075,Assist at a vaccination or health camp,Volunteer to help with registration or guiding people at a local health or vaccination camp.,contribute,health service,90,medium,community,none,easy,"[""health"", ""volunteering""]",senior,"[""contribution"", ""service""]","[""Contact the organizers about volunteer roles"", ""Arrive at the assigned time"", ""Help with registration, queues, or directions"", ""Assist elderly or confused attendees patiently"", ""Thank the organizing team at the end""]",Follow the camp's health and hygiene protocols.,"[""health camp"", ""volunteering"", ""service""]"
ACT076,Set up a small seed or sapling exchange,Organize an exchange of garden seeds or saplings among neighbours interested in gardening.,contribute,community gardening,45,medium,neighborhood,"seeds or saplings, small bags or pots",easy,"[""gardening"", ""community""]",senior,"[""contribution"", ""connection""]","[""Ask neighbours who garden if they'd like to swap"", ""Set a date and common area to meet"", ""Bring saplings or seed packets to share"", ""Exchange tips along with the plants"", ""Plan the next exchange session""]",,"[""seed exchange"", ""gardening"", ""community""]"
ACT077,Proofread documents for a local NGO,Offer to proofread and improve the language of a local NGO's newsletter or pamphlet.,contribute,skilled volunteering,45,low,home,"the NGO's draft document, pen",moderate,"[""writing"", ""editing"", ""service""]",senior,"[""contribution"", ""service"", ""mastery""]","[""Ask a local NGO if they need proofreading help"", ""Read the document carefully once"", ""Mark grammar and clarity corrections"", ""Suggest one improvement to the structure"", ""Return it with your notes""]",,"[""proofreading"", ""ngo"", ""volunteering""]"
ACT078,Help an elderly neighbour with errands,"Offer to run an errand, such as collecting medicines or paying a bill, for an elderly or unwell neighbour.",contribute,direct service,45,medium,neighborhood,cash or card as needed,easy,"[""service"", ""community""]",senior,"[""contribution"", ""service"", ""connection""]","[""Check on a neighbour who lives alone or is unwell"", ""Ask if they need any errands run"", ""Complete the errand carefully"", ""Deliver the item or receipt back to them"", ""Check if they need anything else""]",,"[""errands"", ""elderly care"", ""service""]"
ACT079,Organize a small clothes or utensil donation drive,Coordinate with your housing society to collect surplus clothes or utensils for a nearby shelter.,contribute,donation drive,90,medium,neighborhood,"collection boxes, notice board",moderate,"[""charity"", ""organizing"", ""community""]",senior,"[""contribution"", ""service""]","[""Put up a notice in your society about the drive"", ""Set up a collection point for a week"", ""Sort donated items by type"", ""Arrange transport to a shelter or NGO"", ""Share a thank-you note with participants""]",,"[""donation drive"", ""community"", ""charity""]"
ACT080,Write a public thank-you note to essential workers,"Write and deliver a thank-you note to a local postman, sweeper, or security guard who serves your area.",contribute,appreciation,20,low,home,"paper, pen",easy,"[""writing"", ""gratitude""]",senior,"[""contribution"", ""connection""]","[""Think of someone whose service you value"", ""Write a short, genuine thank-you note"", ""Include one specific thing you appreciate"", ""Deliver it to them in person"", ""Consider doing this monthly for different people""]",,"[""gratitude"", ""appreciation"", ""community""]"
ACT081,Take a brisk morning walk,Go for a 30-minute brisk walk around your neighbourhood or a nearby park.,physical_outdoor,walking,30,medium,outdoor,"comfortable shoes, water bottle",easy,"[""walking"", ""fitness""]",senior,"[""physical_health""]","[""Wear comfortable walking shoes"", ""Choose a safe, familiar route"", ""Walk at a steady, brisk pace"", ""Take a short break halfway if needed"", ""Stretch gently afterward""]",Carry water and avoid walking in extreme heat.,"[""walking"", ""morning"", ""exercise""]"
ACT082,Practice yoga and pranayam,Do a 30-minute session of gentle yoga asanas and breathing exercises.,physical_outdoor,yoga,30,medium,home,yoga mat,easy,"[""yoga"", ""fitness"", ""wellness""]",senior,"[""physical_health"", ""mental_wellbeing""]","[""Spread the mat in a quiet spot"", ""Begin with five minutes of breathing"", ""Perform three to four gentle asanas"", ""Hold each pose comfortably, not forcefully"", ""End with a few minutes of relaxation""]",Avoid poses that strain joints; consult a doctor if you have health conditions.,"[""yoga"", ""pranayam"", ""wellness""]"
ACT083,Tend to the garden,"Spend time watering, weeding, and pruning plants in your home garden.",physical_outdoor,gardening,40,medium,outdoor,"gardening gloves, watering can, small tools",easy,"[""gardening""]",senior,"[""physical_health"", ""mental_wellbeing""]","[""Check the soil moisture of each pot or bed"", ""Water the plants that need it"", ""Remove any weeds or dead leaves"", ""Prune overgrown branches lightly"", ""Tidy the area when done""]",Wear gloves and take breaks if bending for long periods.,"[""gardening"", ""outdoor"", ""plants""]"
ACT084,Visit a local park bench and people-watch,"Sit in a nearby park for 30 minutes, enjoy the surroundings, and quietly observe daily life.",physical_outdoor,relaxation,30,low,outdoor,none,easy,"[""nature"", ""relaxation""]",senior,"[""mental_wellbeing""]","[""Choose a park you enjoy"", ""Find a comfortable bench"", ""Sit and take in the surroundings"", ""Observe people, birds, or trees"", ""Walk home at a relaxed pace""]",,"[""park"", ""relaxation"", ""outdoor""]"
ACT085,Do a set of chair exercises,Complete a gentle 20-minute chair-based exercise routine for strength and flexibility.,physical_outdoor,fitness,20,medium,home,sturdy chair,easy,"[""fitness"", ""exercise""]",senior,"[""physical_health""]","[""Sit upright in a sturdy chair"", ""Do ten seated leg lifts per side"", ""Do ten seated arm raises"", ""Do gentle seated twists"", ""Finish with slow neck and shoulder rolls""]",Move slowly and stop if you feel any pain.,"[""chair exercise"", ""fitness"", ""seniors""]"
ACT086,Cycle around the neighbourhood,Take a leisurely 20-30 minute cycle ride around a safe local route.,physical_outdoor,cycling,30,high,outdoor,"bicycle, helmet",moderate,"[""cycling"", ""fitness""]",senior,"[""physical_health""]","[""Check the bicycle's brakes and tyres"", ""Wear a helmet"", ""Choose a flat, safe route"", ""Cycle at a comfortable, steady pace"", ""Stop for water if needed""]","Wear a helmet, follow traffic rules, and avoid busy roads.","[""cycling"", ""outdoor"", ""exercise""]"
ACT087,Practice tai chi or slow stretching,"Follow a set of slow, flowing stretches inspired by tai chi to improve balance and calm the mind.",physical_outdoor,mind-body exercise,25,low,home,open floor space,easy,"[""fitness"", ""wellness""]",senior,"[""physical_health"", ""mental_wellbeing""]","[""Stand with feet shoulder-width apart"", ""Move slowly through gentle arm sweeps"", ""Shift weight slowly between legs"", ""Breathe deeply with each movement"", ""End standing still for a minute of calm""]",Hold onto a wall or chair for balance if needed.,"[""tai chi"", ""stretching"", ""balance""]"
ACT088,Go for a swim at a local pool,Visit a nearby pool for a gentle swim or water walking session.,physical_outdoor,swimming,40,high,community,"swimwear, towel",moderate,"[""swimming"", ""fitness""]",senior,"[""physical_health""]","[""Check the pool's timing for seniors if available"", ""Warm up with a few minutes of walking in shallow water"", ""Swim or walk laps at a comfortable pace"", ""Rest between sets as needed"", ""Shower and rest after swimming""]",Swim in supervised areas and avoid deep water alone.,"[""swimming"", ""pool"", ""exercise""]"
ACT089,Take a nature trail walk,Visit a nature trail or botanical garden and walk while observing the plants and wildlife.,physical_outdoor,nature walk,45,medium,outdoor,"comfortable shoes, water bottle, hat",easy,"[""nature"", ""walking""]",senior,"[""physical_health"", ""mental_wellbeing""]","[""Choose a nearby nature trail or garden"", ""Wear a hat and comfortable shoes"", ""Walk slowly, pausing to observe plants and birds"", ""Rest at a bench midway"", ""Note one new plant or bird you spotted""]",Carry water and wear a hat in sunny weather.,"[""nature trail"", ""walking"", ""outdoor""]"
ACT090,Do a home strength routine with light weights,Complete a simple strength routine using light hand weights or filled water bottles.,physical_outdoor,strength training,20,medium,home,light dumbbells or filled water bottles,easy,"[""fitness"", ""strength training""]",senior,"[""physical_health""]","[""Choose a light, comfortable weight"", ""Do ten bicep curls per arm"", ""Do ten seated shoulder presses"", ""Do ten standing calf raises holding a chair"", ""Stretch gently afterward""]",Use light weights and stop if you feel strain.,"[""strength training"", ""exercise"", ""weights""]"
ACT091,Play a game of badminton,"Play a light, friendly game of badminton with a family member or neighbour.",physical_outdoor,sport,30,high,outdoor,"badminton racquets, shuttlecock",moderate,"[""badminton"", ""sport""]",senior,"[""physical_health"", ""connection""]","[""Find a partner and a flat open space"", ""Warm up with a few gentle rallies"", ""Play at a relaxed, friendly pace"", ""Take water breaks as needed"", ""Cool down with light stretching""]",Warm up before playing and avoid overexertion.,"[""badminton"", ""sport"", ""outdoor""]"
ACT092,Attend a morning laughter yoga session,Join a local laughter yoga club session at a park for a light-hearted group exercise.,physical_outdoor,group exercise,30,medium,community,none,easy,"[""yoga"", ""community"", ""wellness""]",senior,"[""physical_health"", ""mental_wellbeing"", ""connection""]","[""Find a laughter yoga group in a nearby park"", ""Join the group at the scheduled time"", ""Follow the leader's breathing and laughter exercises"", ""Engage fully without self-consciousness"", ""Chat with fellow participants afterward""]",,"[""laughter yoga"", ""group exercise"", ""community""]"
ACT093,Do a balance and posture check routine,Practice a set of simple standing balance exercises to improve stability.,physical_outdoor,balance training,15,low,home,sturdy chair for support,easy,"[""fitness"", ""wellness""]",senior,"[""physical_health""]","[""Stand near a sturdy chair for support"", ""Balance on one leg for ten seconds"", ""Switch to the other leg"", ""Practice heel-to-toe walking across the room"", ""Repeat the sequence twice""]",Keep a chair or wall nearby in case you lose balance.,"[""balance"", ""fitness"", ""safety""]"
ACT094,Go bird photography walk,Walk to a nearby green space with a camera or phone to photograph birds and nature.,physical_outdoor,photography walk,45,medium,outdoor,"camera or phone, comfortable shoes",moderate,"[""photography"", ""birdwatching"", ""nature""]",senior,"[""physical_health"", ""creativity""]","[""Choose a park or green space known for birds"", ""Walk slowly and quietly"", ""Photograph birds or interesting plants you spot"", ""Note the location of your best shots"", ""Review and organize the photos at home""]",,"[""photography"", ""birds"", ""walking""]"
ACT095,Sweep and tidy the garden or terrace,"Sweep, tidy, and rearrange pots on your terrace or garden for a fresh look.",physical_outdoor,light labour,30,medium,outdoor,"broom, gloves",easy,"[""gardening"", ""cleaning""]",senior,"[""physical_health""]","[""Clear any loose leaves and debris"", ""Sweep the floor area thoroughly"", ""Rearrange pots for better sunlight"", ""Wipe down any furniture"", ""Water the plants once tidy""]",Avoid overexertion while bending or lifting pots.,"[""cleaning"", ""terrace"", ""gardening""]"
ACT096,Take a fishing trip,Visit a nearby lake or pond for a relaxed morning of fishing.,physical_outdoor,fishing,90,low,outdoor,"fishing rod and tackle, hat, water",moderate,"[""fishing"", ""nature""]",senior,"[""physical_health"", ""mental_wellbeing""]","[""Choose a permitted fishing spot"", ""Set up your rod and bait"", ""Find a comfortable, shaded seat"", ""Fish patiently, enjoying the quiet"", ""Pack up and clean the area before leaving""]","Wear a hat, carry water, and be cautious near the water's edge.","[""fishing"", ""nature"", ""relaxation""]"
ACT097,Do a light gardening project - repotting,Repot two or three plants that have outgrown their current containers.,physical_outdoor,gardening,40,medium,outdoor,"new pots, potting soil, gloves",moderate,"[""gardening""]",senior,"[""physical_health"", ""creativity""]","[""Choose plants that look root-bound"", ""Prepare new pots with fresh soil"", ""Gently remove the plant from its old pot"", ""Place it in the new pot and fill with soil"", ""Water thoroughly after repotting""]",Lift pots carefully to avoid back strain.,"[""repotting"", ""gardening"", ""plants""]"
ACT098,Attend an early morning temple walk,Walk to a nearby temple or place of worship as part of your morning routine.,physical_outdoor,spiritual walk,30,medium,outdoor,comfortable footwear,easy,"[""spirituality"", ""walking""]",senior,"[""physical_health"", ""mental_wellbeing""]","[""Choose a temple within comfortable walking distance"", ""Set out early in cooler hours"", ""Walk at a steady pace"", ""Spend a few quiet minutes at the temple"", ""Walk back at a relaxed pace""]",Carry water and avoid the hottest part of the day.,"[""temple"", ""walking"", ""spirituality""]"
ACT099,Play a light game of throwball or catch,Play a gentle game of catch or throwball with grandchildren or neighbours in an open space.,physical_outdoor,sport,25,medium,outdoor,a soft ball,easy,"[""sport"", ""family""]",senior,"[""physical_health"", ""connection""]","[""Find an open, safe outdoor space"", ""Warm up with a few gentle throws"", ""Play catch or a simple throwball rally"", ""Take breaks as needed"", ""Stretch gently afterward""]","Use a soft ball and play on flat, even ground.","[""throwball"", ""catch"", ""outdoor""]"
ACT100,Do a full home stretching routine,Follow a 20-minute full-body stretching routine to improve flexibility and reduce stiffness.,physical_outdoor,stretching,20,low,home,mat or comfortable floor space,easy,"[""fitness"", ""wellness""]",senior,"[""physical_health""]","[""Lay a mat in a quiet space"", ""Stretch the neck and shoulders gently"", ""Stretch the arms and back"", ""Stretch the legs and ankles"", ""Finish with slow, deep breaths""]",Stretch gently and never force a position that hurts.,"[""stretching"", ""flexibility"", ""home""]"
ACT101,Read a chapter of a novel,Settle down and read one full chapter of a novel you've been meaning to finish.,hobbies,reading,40,low,home,a novel,easy,"[""reading"", ""literature""]",senior,"[""mental_wellbeing"", ""learning""]","[""Find a comfortable, well-lit spot"", ""Pick up where you left off"", ""Read one full chapter without interruption"", ""Note one line or idea you liked"", ""Decide when you'll read the next chapter""]",,"[""reading"", ""novel"", ""leisure""]"
ACT102,Play a round of carrom alone or with family,Set up the carrom board and play a relaxed game with a family member.,hobbies,board games,30,medium,home,"carrom board, coins, powder",easy,"[""carrom"", ""games""]",senior,"[""mental_wellbeing"", ""connection""]","[""Set up the carrom board on a flat surface"", ""Dust the board lightly with powder"", ""Play a full game to twenty-five points"", ""Take turns setting up the next round"", ""Enjoy the friendly competition""]",,"[""carrom"", ""board game"", ""family""]"
ACT103,Solve a crossword or sudoku puzzle,Complete a crossword or sudoku puzzle from the newspaper or a puzzle book.,hobbies,puzzles,25,low,home,"newspaper or puzzle book, pen or pencil",easy,"[""puzzles"", ""mental exercise""]",senior,"[""mental_wellbeing"", ""mastery""]","[""Choose a crossword or sudoku puzzle"", ""Start with the clues or numbers you're sure of"", ""Work through the rest steadily"", ""Take a short break if stuck"", ""Check your completed puzzle""]",,"[""crossword"", ""sudoku"", ""puzzle""]"
ACT104,Listen to classical music and identify ragas,Listen to a recording of classical music and try to identify the raga or style being played.,hobbies,music appreciation,30,low,home,"music player, recordings",moderate,"[""music"", ""classical music""]",senior,"[""mental_wellbeing"", ""learning""]","[""Choose a classical recording you enjoy"", ""Listen closely to the opening notes"", ""Try to identify the raga or scale"", ""Note the mood it evokes"", ""Look up the raga's name to check yourself""]",,"[""music"", ""classical"", ""raga""]"
ACT105,Tend to an aquarium or pet,Spend focused time cleaning the aquarium or grooming and playing with a pet.,hobbies,pet care,30,medium,home,pet or aquarium supplies,easy,"[""pets"", ""animals""]",senior,"[""mental_wellbeing""]","[""Check the pet or aquarium's condition"", ""Clean or tidy their living space"", ""Feed them if it's time"", ""Spend some dedicated play or petting time"", ""Observe them for signs of good health""]",,"[""pets"", ""aquarium"", ""animal care""]"
ACT106,Collect and organize stamps or coins,"Sort, catalogue, or add to a stamp or coin collection.",hobbies,collecting,40,low,home,"stamp or coin collection, album, magnifying glass",moderate,"[""collecting"", ""history""]",senior,"[""mental_wellbeing"", ""mastery""]","[""Take out your collection and album"", ""Sort any new pieces by type or year"", ""Place them carefully in the album"", ""Research one interesting piece's history"", ""Note it in your collection log""]",,"[""stamps"", ""coins"", ""collecting""]"
ACT107,Bake a simple snack or sweet,Bake a simple homemade snack or sweet using a family recipe or cookbook.,hobbies,baking,60,medium,home,"baking ingredients, oven or stovetop",moderate,"[""baking"", ""cooking""]",senior,"[""mental_wellbeing"", ""creativity""]","[""Choose a simple recipe"", ""Gather and measure the ingredients"", ""Follow the steps carefully"", ""Bake or cook until done"", ""Share the result with family or neighbours""]",Take care with hot ovens and stovetops.,"[""baking"", ""cooking"", ""sweets""]"
ACT108,Watch and analyze an old classic film,Watch a classic film from your youth and reflect on how it compares to films today.,hobbies,film appreciation,90,low,home,DVD or streaming access to a classic film,easy,"[""cinema"", ""nostalgia""]",senior,"[""mental_wellbeing"", ""nostalgia""]","[""Choose a classic film you loved"", ""Watch it without distractions"", ""Note what still feels relevant today"", ""Note what feels dated"", ""Discuss it with someone who's also seen it""]",,"[""film"", ""classic"", ""nostalgia""]"
ACT109,Practice photography composition at home,Practice taking well-composed photos of household objects or light using a camera or phone.,hobbies,photography,30,low,home,camera or phone,moderate,"[""photography""]",senior,"[""creativity"", ""mental_wellbeing""]","[""Choose three household objects"", ""Try photographing each from different angles"", ""Pay attention to natural light"", ""Pick your best shot of each"", ""Review what made the best photo work""]",,"[""photography"", ""composition"", ""practice""]"
ACT110,Play a musical instrument for pleasure,"Spend time playing a musical instrument you already know, just for enjoyment.",hobbies,music,30,medium,home,musical instrument,moderate,"[""music""]",senior,"[""mental_wellbeing"", ""creativity""]","[""Tune the instrument if needed"", ""Warm up with a familiar piece"", ""Play two or three favourite tunes"", ""Try one small variation or improvisation"", ""Put the instrument away carefully""]",,"[""music"", ""instrument"", ""leisure""]"
ACT111,Try a jigsaw puzzle,Work on completing a section of a jigsaw puzzle.,hobbies,puzzles,45,low,home,"jigsaw puzzle, flat surface",easy,"[""puzzles""]",senior,"[""mental_wellbeing""]","[""Spread the puzzle pieces face up"", ""Sort edge pieces first"", ""Build the border"", ""Fill in one section by colour or pattern"", ""Save the rest for another sitting""]",,"[""jigsaw"", ""puzzle"", ""leisure""]"
ACT112,Grow a small herb garden indoors,"Plant and tend a small pot of herbs such as mint, tulsi, or coriander on a windowsill.",hobbies,indoor gardening,30,low,home,"pots, soil, herb seeds or saplings",easy,"[""gardening"", ""cooking""]",senior,"[""mental_wellbeing"", ""creativity""]","[""Choose a sunny windowsill spot"", ""Fill small pots with soil"", ""Plant the herb seeds or saplings"", ""Water lightly"", ""Check on them daily for the first week""]",,"[""herbs"", ""indoor gardening"", ""windowsill""]"
ACT113,Learn to identify old coins or antiques,Research the history and value of an old coin or antique item you own.,hobbies,collecting,30,low,home,"the item, reference book or catalogue",moderate,"[""history"", ""collecting""]",senior,"[""mental_wellbeing"", ""learning""]","[""Choose an old coin or antique item"", ""Examine its markings closely"", ""Look it up in a reference book or catalogue"", ""Note its approximate age and origin"", ""Add the details to your collection notes""]",,"[""antiques"", ""coins"", ""history""]"
ACT114,Try your hand at watercolour painting,"Practice a simple watercolour painting of a fruit, flower, or landscape.",hobbies,painting,45,low,home,"watercolours, brush, paper, water jar",moderate,"[""painting"", ""art""]",senior,"[""creativity"", ""mental_wellbeing""]","[""Choose a simple subject to paint"", ""Sketch a light outline in pencil"", ""Apply the base wash of colour"", ""Add details once dry"", ""Let it dry fully before displaying""]",,"[""watercolour"", ""painting"", ""art""]"
ACT115,Compile a personal recipe book,Write out five of your favourite recipes into a dedicated notebook to build a personal cookbook.,hobbies,cooking,45,low,home,"notebook, pen",easy,"[""cooking"", ""writing""]",senior,"[""mental_wellbeing"", ""creativity""]","[""Choose five favourite recipes"", ""Write ingredients and method for each"", ""Add a small note about when you make it"", ""Decorate the cover if you like"", ""Keep adding recipes over time""]",,"[""recipes"", ""cookbook"", ""writing""]"
ACT116,Play patience or card games solo,Play a relaxing game of patience or another solo card game.,hobbies,card games,25,low,home,deck of cards,easy,"[""card games""]",senior,"[""mental_wellbeing""]","[""Shuffle a standard deck of cards"", ""Lay out the cards for patience"", ""Play through at a relaxed pace"", ""Reshuffle and play again if enjoyable"", ""Note your best time or streak""]",,"[""cards"", ""patience"", ""solo game""]"
ACT117,Try a new tea or coffee brewing method,Experiment with brewing tea or coffee using a traditional or new method you haven't tried.,hobbies,culinary hobby,20,low,home,"tea or coffee, brewing equipment",easy,"[""cooking"", ""tea"", ""coffee""]",senior,"[""mental_wellbeing"", ""creativity""]","[""Choose a brewing method you haven't tried"", ""Read the basic steps"", ""Prepare the tea or coffee carefully"", ""Taste and note the flavour"", ""Decide if you'll make it this way again""]",Take care with hot water.,"[""tea"", ""coffee"", ""brewing""]"
ACT118,Sketch the view from your window,Spend time sketching whatever you can see from your window or balcony.,hobbies,drawing,30,low,home,"paper, pencil",easy,"[""art"", ""drawing""]",senior,"[""creativity"", ""mental_wellbeing""]","[""Sit near a window with a clear view"", ""Observe the scene for a minute"", ""Sketch the main shapes first"", ""Add details gradually"", ""Sign and date the finished sketch""]",,"[""sketching"", ""drawing"", ""window view""]"
ACT119,Practice a craft you learned as a child,"Revisit a craft or hobby you enjoyed in childhood, such as paper boats or friendship bracelets.",hobbies,nostalgic craft,30,low,home,materials relevant to the craft,easy,"[""crafts"", ""nostalgia""]",senior,"[""nostalgia"", ""creativity""]","[""Recall a craft you loved as a child"", ""Gather the simple materials needed"", ""Make one piece from memory"", ""Notice how it feels to revisit it"", ""Show it to a grandchild and teach them""]",,"[""nostalgia"", ""craft"", ""childhood""]"
ACT120,Build a simple model or kit,"Assemble a small model kit, such as a wooden ship or puzzle box, for enjoyment.",hobbies,model building,60,medium,home,"model kit, glue, small tools",moderate,"[""model building"", ""crafts""]",senior,"[""mental_wellbeing"", ""mastery""]","[""Lay out all the kit pieces"", ""Read through the instructions fully"", ""Assemble in the given order"", ""Take breaks between stages if needed"", ""Display the finished model""]",Handle small parts and glue carefully.,"[""model kit"", ""assembly"", ""hobby""]"
ACT121,Cook a family recipe together with a grandchild,"Cook a traditional family recipe together with a grandchild, teaching them the steps.",family,cooking together,60,medium,home,recipe ingredients,easy,"[""cooking"", ""family"", ""teaching""]",senior,"[""connection"", ""nostalgia""]","[""Choose a simple family recipe"", ""Explain each step as you go"", ""Let the grandchild do an easy task"", ""Cook the dish together"", ""Enjoy eating it together afterward""]",Supervise children closely near heat and sharp tools.,"[""cooking"", ""family"", ""grandchildren""]"
ACT122,Organize a family photo album,Sort and arrange loose family photographs into an album with dates and notes.,family,memory keeping,60,low,home,"photographs, album, pen",easy,"[""photography"", ""memory"", ""family""]",senior,"[""nostalgia"", ""connection""]","[""Gather loose photographs from a box or drawer"", ""Sort them roughly by year or event"", ""Place them in the album in order"", ""Write a short caption for each page"", ""Share the album with family when done""]",,"[""photo album"", ""family"", ""memory""]"
ACT123,Plan a family reunion,"Start planning a small family reunion or gathering, listing who to invite and a possible date.",family,event planning,45,low,home,"notebook, phone or address list",easy,"[""family"", ""organizing""]",senior,"[""connection""]","[""List family members to invite"", ""Suggest two or three possible dates"", ""Call or message a few family members for input"", ""Note tentative food and venue ideas"", ""Set a follow-up date to confirm plans""]",,"[""reunion"", ""family"", ""planning""]"
ACT124,Play a family board game night,Gather family members for an evening of board games after dinner.,family,games,60,medium,home,one or two board games,easy,"[""board games"", ""family""]",senior,"[""connection""]","[""Choose one or two games everyone enjoys"", ""Set up the table after dinner"", ""Explain the rules for anyone new"", ""Play a couple of rounds"", ""Celebrate the winner with a small treat""]",,"[""board games"", ""family night"", ""connection""]"
ACT125,Teach a grandchild a traditional skill,"Teach a grandchild a traditional skill you know, such as making rangoli, cooking, or a folk song.",family,skill passing,45,medium,home,materials relevant to the skill,easy,"[""teaching"", ""tradition"", ""family""]",senior,"[""connection"", ""nostalgia"", ""contribution""]","[""Choose a skill you learned growing up"", ""Explain its background and importance"", ""Demonstrate it step by step"", ""Let them try it themselves"", ""Encourage them to practice again later""]",,"[""tradition"", ""teaching"", ""grandchildren""]"
ACT126,Write down family recipes with an elder,Sit with the eldest family member and write down recipes that only exist in their memory.,family,memory keeping,60,low,home,"notebook, pen",easy,"[""cooking"", ""family"", ""writing""]",senior,"[""nostalgia"", ""connection"", ""contribution""]","[""Sit with the elder in a relaxed setting"", ""Ask them to describe a favourite family recipe"", ""Write down the ingredients as they recall them"", ""Write the method step by step"", ""Read it back to confirm accuracy""]",,"[""recipes"", ""elders"", ""family history""]"
ACT127,Have a family cooking competition,Organize a light-hearted cooking competition between family members using simple ingredients.,family,cooking together,90,medium,home,ingredients for each participant,easy,"[""cooking"", ""family"", ""fun""]",senior,"[""connection""]","[""Set a simple theme or ingredient to use"", ""Give everyone the same time limit"", ""Cook separately or in teams"", ""Taste and rate each dish together"", ""Award a fun, informal prize""]",Supervise children near the stove.,"[""cooking competition"", ""family"", ""fun""]"
ACT128,Plan and cook a Sunday family lunch,Plan a full family lunch menu and cook it together for a weekend gathering.,family,cooking together,90,medium,home,ingredients for the full menu,moderate,"[""cooking"", ""family""]",senior,"[""connection""]","[""Plan a simple three-course menu"", ""Assign one dish to each family member"", ""Cook together in the kitchen"", ""Set the table as a family"", ""Eat together without phones at the table""]",Take care with hot pans and knives.,"[""family lunch"", ""cooking"", ""weekend""]"
ACT129,Create a family memory jar,Start a jar where family members add small notes of happy memories to read later.,family,tradition building,20,low,home,"a jar, small paper slips, pen",easy,"[""family"", ""memory""]",senior,"[""connection"", ""nostalgia""]","[""Decorate a jar for the family"", ""Explain the idea to family members"", ""Write down one happy memory on a slip"", ""Add it to the jar"", ""Plan to read the notes together at year end""]",,"[""memory jar"", ""family tradition"", ""gratitude""]"
ACT130,Take grandchildren to visit their great-grandparents' old home or gravesite,Visit a place significant to the family's history with grandchildren to share its story.,family,heritage visit,90,medium,community,transport,easy,"[""family"", ""history"", ""heritage""]",senior,"[""connection"", ""nostalgia""]","[""Choose a place with family significance"", ""Plan the visit with transport arranged"", ""Share the story of the place on the way"", ""Spend time there answering questions"", ""Take a photo to remember the visit""]",,"[""heritage"", ""family history"", ""grandchildren""]"
ACT131,Host a family movie night,Choose a film everyone will enjoy and host a cosy family movie night at home.,family,entertainment,90,low,home,"TV or projector, snacks",easy,"[""cinema"", ""family""]",senior,"[""connection""]","[""Ask family members for film suggestions"", ""Choose one everyone agrees on"", ""Prepare simple snacks"", ""Watch together without distractions"", ""Discuss favourite moments afterward""]",,"[""movie night"", ""family"", ""entertainment""]"
ACT132,Teach grandchildren a card or board game from your youth,Teach grandchildren a game you played as a child that they may not know.,family,games,30,medium,home,materials for the chosen game,easy,"[""games"", ""nostalgia"", ""family""]",senior,"[""connection"", ""nostalgia""]","[""Recall a game you enjoyed as a child"", ""Explain the rules simply"", ""Play a demonstration round together"", ""Let them play a full round with guidance"", ""Ask if they'd like to play again""]",,"[""games"", ""nostalgia"", ""grandchildren""]"
ACT133,Do a family gratitude circle,Sit together as a family and take turns sharing one thing each person is grateful for.,family,bonding ritual,20,low,home,none,easy,"[""family"", ""gratitude""]",senior,"[""connection"", ""mental_wellbeing""]","[""Gather the family in a circle"", ""Explain the idea briefly"", ""Take turns sharing one gratitude each"", ""Listen without interrupting"", ""Close with a shared thought or hug""]",,"[""gratitude"", ""family"", ""bonding""]"
ACT134,Help plan a grandchild's birthday celebration,"Help plan the menu, decorations, or games for an upcoming grandchild's birthday.",family,event planning,45,low,home,"notebook, pen",easy,"[""family"", ""organizing""]",senior,"[""connection"", ""contribution""]","[""Ask the parents what help is needed"", ""Suggest a menu or homemade treat idea"", ""Offer to make or arrange decorations"", ""Plan one simple game for the children"", ""Confirm your role with the family""]",,"[""birthday"", ""family"", ""planning""]"
ACT135,Share old family photos and stories over video call,Share scanned or photographed old family pictures with distant relatives over a video call and narrate their stories.,family,heritage sharing,45,low,home,"old photographs, phone or computer with video call app",easy,"[""family"", ""photography"", ""memory""]",senior,"[""connection"", ""nostalgia""]","[""Select five to ten meaningful old photos"", ""Set up a video call with distant relatives"", ""Show each photo and share its story"", ""Let others add what they remember"", ""Save the conversation's highlights in a note""]",,"[""video call"", ""old photos"", ""family stories""]"
ACT136,Write a family newsletter,Write a short newsletter with family updates and a favourite memory to share with relatives.,family,communication,45,low,home,"paper or notebook, pen",easy,"[""writing"", ""family""]",senior,"[""connection""]","[""List recent family updates worth sharing"", ""Add one favourite memory or story"", ""Write it in a warm, simple tone"", ""Make copies or read it out on a call"", ""Ask family members to contribute next time""]",,"[""newsletter"", ""family"", ""writing""]"
ACT137,Plant a tree together as a family,Plant a sapling together with children or grandchildren to mark a family milestone.,family,tradition building,45,medium,outdoor,"sapling, spade, water",easy,"[""gardening"", ""family"", ""environment""]",senior,"[""connection"", ""nostalgia""]","[""Choose a sapling and a milestone to mark"", ""Dig the hole together, sharing the task"", ""Plant the sapling as a family"", ""Water it together"", ""Take a photo beside the new tree""]",Supervise children with tools carefully.,"[""tree planting"", ""family milestone"", ""tradition""]"
ACT138,Make a family time capsule,"Fill a box with notes, small objects, and photos to be opened by the family years later.",family,tradition building,45,low,home,"a box, small mementos, paper, pen",easy,"[""family"", ""memory""]",senior,"[""connection"", ""nostalgia""]","[""Choose a sturdy box"", ""Ask each family member to add a note or item"", ""Write today's date and a message on top"", ""Decide together when to open it"", ""Store it somewhere safe""]",,"[""time capsule"", ""family"", ""memory""]"
ACT139,Take grandchildren to the local library,Take grandchildren to a nearby library to pick out books and read together.,family,outing,60,medium,community,library card if required,easy,"[""reading"", ""family"", ""children""]",senior,"[""connection"", ""learning""]","[""Plan a visit to the local library"", ""Let the grandchild pick two or three books"", ""Read one together in a quiet corner"", ""Ask them what they liked about it"", ""Return by the due date""]",,"[""library"", ""grandchildren"", ""reading""]"
ACT140,Cook and pack a family picnic,Prepare simple picnic food and take the family to a nearby park for an outdoor meal.,family,outing,90,medium,outdoor,"picnic food, mat, basket",easy,"[""cooking"", ""family"", ""outdoors""]",senior,"[""connection"", ""physical_health""]","[""Plan a simple picnic menu"", ""Pack food, water, and a mat"", ""Travel to a nearby park together"", ""Spread the mat and eat together"", ""Play a light game before heading home""]",Carry water and avoid the hottest part of the day.,"[""picnic"", ""family outing"", ""outdoors""]"
ACT141,Write down a childhood memory,Write a detailed page about one vivid memory from your childhood.,memory,reminiscence writing,40,low,home,"notebook, pen",easy,"[""writing"", ""memory""]",senior,"[""nostalgia"", ""mental_wellbeing""]","[""Close your eyes and recall a childhood scene"", ""Note where, when, and who was there"", ""Write it out in as much detail as you can"", ""Add how it made you feel then and now"", ""Keep it in a memory notebook""]",,"[""memoir"", ""childhood"", ""writing""]"
ACT142,Organize old letters and postcards,Sort through a collection of old letters or postcards and organize them chronologically.,memory,archiving,45,low,home,"old letters or postcards, folder or box",easy,"[""memory"", ""organizing""]",senior,"[""nostalgia""]","[""Gather all the letters or postcards together"", ""Sort them by approximate date"", ""Read a few and note their sender"", ""Organize them into a labelled folder"", ""Store them somewhere safe and dry""]",,"[""letters"", ""archiving"", ""nostalgia""]"
ACT143,Make an audio recording of family history,Record yourself talking about your parents' or grandparents' lives to preserve the story.,memory,oral history,30,low,home,recording device,easy,"[""memory"", ""family"", ""history""]",senior,"[""nostalgia"", ""connection""]","[""Think about what you remember of your parents or grandparents"", ""Find a quiet place to record"", ""Speak naturally about their life and character"", ""Include one story that captures who they were"", ""Save and label the recording clearly""]",,"[""oral history"", ""family"", ""recording""]"
ACT144,Revisit a childhood neighbourhood in memory,"Write or sketch a map of your childhood neighbourhood from memory, marking key places.",memory,reminiscence,40,low,home,"paper, pen",easy,"[""memory"", ""drawing""]",senior,"[""nostalgia"", ""creativity""]","[""Recall the streets of your childhood home"", ""Sketch a rough map from memory"", ""Mark your house, school, and favourite spots"", ""Add a short note about one place"", ""Share it with family and explain the memories""]",,"[""nostalgia"", ""map"", ""childhood""]"
ACT145,Look through and caption an old photo box,Go through an old box of photographs and write names and dates on the back or in a notebook.,memory,archiving,45,low,home,"old photographs, pen, notebook",easy,"[""photography"", ""memory"", ""family""]",senior,"[""nostalgia"", ""connection""]","[""Take out a box of old, uncaptioned photos"", ""Identify people and approximate dates"", ""Write captions in a notebook or lightly on the back"", ""Set aside any you want to frame"", ""Store the rest back safely, organized""]",,"[""photos"", ""captioning"", ""archiving""]"
ACT146,Write about a mentor who shaped your life,"Write a page about a teacher, boss, or elder who influenced who you became.",memory,reminiscence writing,35,low,home,"notebook, pen",easy,"[""writing"", ""memory""]",senior,"[""nostalgia"", ""mental_wellbeing""]","[""Think of someone who shaped your path"", ""Recall one specific moment with them"", ""Write what they taught you"", ""Note whether you ever thanked them"", ""Consider writing to them or their family if possible""]",,"[""mentor"", ""memoir"", ""gratitude""]"
ACT147,Recreate a childhood dish from memory,Try cooking a dish exactly as you remember your mother or grandmother making it.,memory,culinary memory,60,medium,home,ingredients based on memory,moderate,"[""cooking"", ""memory"", ""family""]",senior,"[""nostalgia"", ""creativity""]","[""Recall the dish and its aroma and taste"", ""List the ingredients as best you remember"", ""Cook it step by step, adjusting by taste"", ""Compare it with your memory of the original"", ""Note down the recipe for next time""]",Take care with hot pans and knives.,"[""cooking"", ""nostalgia"", ""family recipe""]"
ACT148,Compile a list of your proudest achievements,"Write a list of ten moments in life you're genuinely proud of, big or small.",memory,reflection,30,low,home,"notebook, pen",easy,"[""reflection"", ""memory""]",senior,"[""nostalgia"", ""mental_wellbeing""]","[""Find a quiet moment to reflect"", ""List ten proud moments from your life"", ""Include small everyday achievements too"", ""Choose one to write more about"", ""Read the list aloud to feel its weight""]",,"[""reflection"", ""achievements"", ""journaling""]"
ACT149,Visit a place from your past,"Revisit a place that was significant in your past, such as an old school or workplace.",memory,heritage visit,90,medium,community,transport,easy,"[""memory"", ""nostalgia""]",senior,"[""nostalgia""]","[""Choose a meaningful place from your past"", ""Plan how you'll get there"", ""Walk around and take in how it's changed"", ""Take a photo if you'd like"", ""Write down how the visit made you feel""]",,"[""nostalgia"", ""visit"", ""heritage""]"
ACT150,Write letters you never sent,Write a letter to someone from your past that you never got to say something to.,memory,reflective writing,35,low,home,"paper, pen",easy,"[""writing"", ""reflection""]",senior,"[""nostalgia"", ""mental_wellbeing""]","[""Think of someone you never fully said goodbye to or thanked"", ""Write the letter honestly"", ""Say what you wish you'd said"", ""Read it aloud to yourself"", ""Keep it privately or share it if you choose""]",,"[""letter"", ""reflection"", ""closure""]"
ACT151,Make a scrapbook of a special trip,Create a scrapbook page from photos and tickets of a memorable trip you once took.,memory,scrapbooking,60,low,home,"photos, tickets or souvenirs, scrapbook or paper, glue",moderate,"[""scrapbooking"", ""travel"", ""memory""]",senior,"[""nostalgia"", ""creativity""]","[""Gather items from a memorable trip"", ""Arrange them on a page before gluing"", ""Glue the photos and mementos in place"", ""Write a short caption of the trip"", ""Add it to a growing scrapbook""]",,"[""scrapbook"", ""travel memory"", ""craft""]"
ACT152,Record your wedding or life milestone story,Write or record the story of your wedding day or another major life milestone in detail.,memory,oral history,40,low,home,notebook or recording device,easy,"[""memory"", ""family""]",senior,"[""nostalgia"", ""connection""]","[""Choose a major milestone to recall"", ""Recall the day from start to finish"", ""Write or record it in full detail"", ""Include how you felt at each stage"", ""Share it with your children or grandchildren""]",,"[""milestone"", ""wedding"", ""family history""]"
ACT153,Identify people in unlabelled old photos with family help,Get family members together to identify people in a stack of unlabelled old photographs.,memory,archiving,45,low,home,"old photographs, pen, notebook",easy,"[""photography"", ""memory"", ""family""]",senior,"[""nostalgia"", ""connection""]","[""Gather unlabelled photos"", ""Call together family members who might recognize people"", ""Go through each photo one by one"", ""Write names and approximate dates as identified"", ""Store the now-labelled photos safely""]",,"[""photos"", ""family"", ""identification""]"
ACT154,Write down your favourite childhood games,List and describe the games you played as a child that children today may not know.,memory,reminiscence writing,25,low,home,"notebook, pen",easy,"[""memory"", ""games"", ""writing""]",senior,"[""nostalgia""]","[""List five games you played as a child"", ""Describe the rules of each briefly"", ""Note where and with whom you played"", ""Choose one to teach a grandchild"", ""Keep the list for future reference""]",,"[""childhood games"", ""nostalgia"", ""writing""]"
ACT155,Make a timeline of your life,"Draw a timeline marking major events, decisions, and milestones across your life.",memory,reflection,45,low,home,"large paper, pen",easy,"[""memory"", ""reflection""]",senior,"[""nostalgia"", ""mental_wellbeing""]","[""Draw a horizontal line across the paper"", ""Mark your birth year at one end"", ""Add five to ten major milestones along the line"", ""Add a brief note under each"", ""Reflect on the overall shape of your journey""]",,"[""timeline"", ""life story"", ""reflection""]"
ACT156,Compile your favourite family sayings and proverbs,"Write down sayings, proverbs, or phrases passed down in your family and their meanings.",memory,oral tradition,30,low,home,"notebook, pen",easy,"[""memory"", ""language"", ""family""]",senior,"[""nostalgia"", ""connection""]","[""Recall sayings your parents or grandparents used"", ""Write each one down"", ""Add its meaning or the context it was used in"", ""Note who used to say it"", ""Share the list with younger family members""]",,"[""proverbs"", ""family sayings"", ""oral tradition""]"
ACT157,Revisit and organize old audio cassettes or records,"Go through old cassette tapes or vinyl records and organize them, noting what's on each.",memory,archiving,40,low,home,"cassette or record collection, player if available",easy,"[""music"", ""memory"", ""collecting""]",senior,"[""nostalgia""]","[""Gather the old cassettes or records"", ""Label any that are unmarked"", ""Play a short section of one to reminisce"", ""Organize them by artist or occasion"", ""Store them properly to prevent damage""]",,"[""cassettes"", ""records"", ""music memory""]"
ACT158,Write a tribute to a loved one who has passed,Write a heartfelt tribute recalling the life and qualities of a loved one who has passed away.,memory,reflective writing,40,low,home,"notebook, pen",easy,"[""writing"", ""memory""]",senior,"[""nostalgia"", ""mental_wellbeing""]","[""Choose a loved one to honour"", ""Recall their most memorable qualities"", ""Write down one specific story about them"", ""Write what you miss most"", ""Read it aloud or share it with family""]",Approach this gently; take breaks if it feels heavy.,"[""tribute"", ""grief"", ""memoir""]"
ACT159,Recreate an old family photograph pose,Find an old family photo and recreate the same pose and setting with today's family members.,memory,family fun,30,medium,home,"old photo, camera or phone",easy,"[""photography"", ""family"", ""memory""]",senior,"[""nostalgia"", ""connection""]","[""Choose an old family photo"", ""Gather family members for a recreation"", ""Match the pose, spot, or outfit if possible"", ""Take the new photo side by side with the old"", ""Share both versions with the family""]",,"[""photo recreation"", ""family fun"", ""nostalgia""]"
ACT160,Write down life lessons for your grandchildren,Write a short page of life lessons and advice you'd like your grandchildren to know one day.,memory,legacy writing,40,low,home,"notebook, pen",easy,"[""writing"", ""family"", ""reflection""]",senior,"[""nostalgia"", ""connection"", ""mental_wellbeing""]","[""Think of three or four important life lessons"", ""Write each with a short story or example"", ""Keep the tone warm and personal"", ""Read it over and refine the wording"", ""Keep it safe or share it now""]",,"[""legacy"", ""life lessons"", ""grandchildren""]"
ACT161,Organize the kitchen pantry,"Sort, label, and tidy the kitchen pantry, checking for expired items.",practical_useful,home organizing,45,medium,home,"labels, containers",easy,"[""organizing"", ""cooking""]",senior,"[""contribution"", ""mastery""]","[""Take everything out of the pantry"", ""Check expiry dates and discard old items"", ""Group similar items together"", ""Label containers clearly"", ""Put everything back in an organized way""]",Use a stable stool if reaching high shelves.,"[""pantry"", ""organizing"", ""kitchen""]"
ACT162,Fix a small household appliance,Diagnose and fix a small non-working household item such as a lamp or fan.,practical_useful,repair,45,medium,home,"basic toolkit, spare parts if needed",moderate,"[""diy"", ""repair""]",senior,"[""mastery"", ""contribution""]","[""Unplug the appliance before inspecting"", ""Identify the likely fault"", ""Open the casing carefully if needed"", ""Fix or replace the faulty part"", ""Test the appliance safely before regular use""]",Always unplug electrical appliances before repairing them.,"[""repair"", ""diy"", ""appliance""]"
ACT163,Set up a monthly budget plan,Sit down and plan a simple monthly household budget based on recent expenses.,practical_useful,finance,45,low,home,"notebook, recent bills, pen",easy,"[""finance"", ""organizing""]",senior,"[""mastery""]","[""Gather recent bills and receipts"", ""List all regular monthly expenses"", ""Compare them to your income"", ""Identify one area to adjust if needed"", ""Write the plan clearly for the month ahead""]",,"[""budget"", ""finance"", ""planning""]"
ACT164,Learn to make and use UPI payments safely,Learn to set up and safely use a UPI payment app for small daily transactions.,practical_useful,digital skill,30,low,home,"smartphone, bank details",moderate,"[""technology"", ""finance""]",senior,"[""mastery"", ""learning""]","[""Ask a trusted family member to help set up the app"", ""Learn to check your balance safely"", ""Practice a small payment to a known person"", ""Learn to recognize and avoid scam messages"", ""Note down the safety tips in your own words""]","Never share OTPs or PINs with anyone, even claimed bank staff.","[""UPI"", ""digital payment"", ""safety""]"
ACT165,Organize important documents,"Sort and file important documents such as medical records, bills, and ID copies into labelled folders.",practical_useful,organizing,60,low,home,"folders, labels, documents",easy,"[""organizing""]",senior,"[""mastery"", ""contribution""]","[""Gather all loose important documents"", ""Sort them into categories such as medical, bills, and ID"", ""Place each category in a labelled folder"", ""Store folders in a safe, dry place"", ""Tell a family member where they're kept""]",Store sensitive documents securely.,"[""documents"", ""organizing"", ""filing""]"
ACT166,Service and clean the bicycle or vehicle,Clean and do a basic check-up on your bicycle or vehicle.,practical_useful,maintenance,45,medium,home,"cleaning cloth, basic tools",moderate,"[""diy"", ""maintenance""]",senior,"[""mastery""]","[""Wipe down the vehicle or bicycle"", ""Check tyre pressure and tread"", ""Check brakes are responsive"", ""Oil the chain if it's a bicycle"", ""Note any issue that needs a mechanic's attention""]",Be cautious when checking moving parts.,"[""vehicle care"", ""maintenance"", ""diy""]"
ACT167,Plan meals for the week,"Plan a simple, balanced meal schedule for the coming week and make a shopping list.",practical_useful,meal planning,30,low,home,"notebook, pen",easy,"[""cooking"", ""organizing""]",senior,"[""mastery"", ""contribution""]","[""List the days of the week"", ""Plan a simple meal for each day"", ""Check what ingredients you already have"", ""Write a shopping list for what's missing"", ""Share the plan with the family""]",,"[""meal planning"", ""organizing"", ""cooking""]"
ACT168,Declutter a wardrobe or cupboard,"Go through a wardrobe or cupboard and sort items into keep, donate, and discard piles.",practical_useful,home organizing,60,medium,home,bags or boxes for sorting,easy,"[""organizing""]",senior,"[""mastery""]","[""Empty one wardrobe or cupboard section"", ""Sort items into keep, donate, and discard"", ""Fold and return the keep pile neatly"", ""Bag the donate pile for later drop-off"", ""Dispose of the discard pile appropriately""]",Take breaks if lifting or bending strains you.,"[""decluttering"", ""organizing"", ""wardrobe""]"
ACT169,Learn to read and understand a medical prescription,Review your current medical prescriptions and note the purpose and timing of each medicine.,practical_useful,health management,30,low,home,"prescriptions, notebook",easy,"[""health""]",senior,"[""mastery"", ""physical_health""]","[""Gather your current prescriptions"", ""Note each medicine's purpose"", ""Note the correct dosage and timing"", ""Set reminders for each dose"", ""Ask your doctor about anything unclear""]",Consult your doctor or pharmacist for any doubts about medication.,"[""medication"", ""health"", ""organizing""]"
ACT170,Set up a home emergency contact list,"Create a clear, printed list of emergency contacts and keep it visible at home.",practical_useful,safety planning,25,low,home,"paper, pen, printer if available",easy,"[""safety"", ""organizing""]",senior,"[""mastery"", ""contribution""]","[""List family members' phone numbers"", ""Add doctor, hospital, and neighbour contacts"", ""Add the nearest police and ambulance numbers"", ""Write it clearly or print it"", ""Stick it near the phone or front door""]",,"[""emergency contacts"", ""safety"", ""planning""]"
ACT171,Water-proof or check the roof and gutters,"Inspect the terrace, roof, or gutters for leaks or blockages before the monsoon.",practical_useful,home maintenance,45,medium,outdoor,"broom, basic tools",moderate,"[""diy"", ""maintenance""]",senior,"[""mastery"", ""contribution""]","[""Inspect the terrace or roof area for cracks"", ""Clear leaves and debris from gutters or drains"", ""Check for any visible leaks"", ""Note down repairs needed for a professional"", ""Do a follow-up check after the first rain""]",Avoid climbing onto roofs alone; ask for help with heights.,"[""home maintenance"", ""monsoon prep"", ""roof""]"
ACT172,Learn to use a pressure cooker or new kitchen gadget safely,Learn the correct and safe way to use a new kitchen appliance you haven't mastered yet.,practical_useful,kitchen skill,30,low,home,the appliance and its manual,moderate,"[""cooking"", ""technology""]",senior,"[""mastery"", ""learning""]","[""Read the appliance's instruction manual"", ""Note the key safety steps"", ""Try a simple recipe using it"", ""Clean and store it properly afterward"", ""Write down tips for next time""]",Follow the manufacturer's safety instructions closely.,"[""kitchen gadget"", ""safety"", ""cooking""]"
ACT173,Organize digital photos on a computer,Sort and organize digital photos into folders by year or event on a computer.,practical_useful,digital organizing,45,low,home,"computer, photo files",moderate,"[""technology"", ""photography"", ""organizing""]",senior,"[""mastery""]","[""Open the photo folder on the computer"", ""Create folders by year or event"", ""Move photos into the right folders"", ""Delete clearly duplicate or blurry photos"", ""Back up the folder to a drive or cloud""]",,"[""digital photos"", ""organizing"", ""technology""]"
ACT174,Repair torn or loose household linen,"Mend torn curtains, bedsheets, or cushion covers using needle and thread or a sewing machine.",practical_useful,repair,40,low,home,"needle, thread, sewing machine if available",moderate,"[""sewing"", ""repair""]",senior,"[""mastery"", ""contribution""]","[""Identify the torn or loose item"", ""Thread the needle or prepare the machine"", ""Mend the tear neatly"", ""Check the strength of the repair"", ""Put the item back into use""]",Handle needles and machines carefully.,"[""mending"", ""sewing"", ""repair""]"
ACT175,Check and update your will or important instructions,"Review and update your will or a note of important instructions for family, with a lawyer's help if needed.",practical_useful,life planning,60,low,home,"existing documents, pen",moderate,"[""planning"", ""family""]",senior,"[""mastery"", ""contribution""]","[""Review your existing will or notes"", ""List anything that needs updating"", ""Note questions for a lawyer if needed"", ""Update the document or schedule an appointment"", ""Inform a trusted family member where it's kept""]",Consult a qualified lawyer for legal documents.,"[""will"", ""planning"", ""legal""]"
ACT176,Set up a simple home composting bin,Set up a small compost bin for kitchen waste to use in the garden.,practical_useful,sustainability,40,medium,home,"a bin or pot, kitchen scraps, dry leaves",moderate,"[""gardening"", ""sustainability""]",senior,"[""mastery"", ""contribution""]","[""Choose a bin with drainage holes"", ""Add a layer of dry leaves at the bottom"", ""Add kitchen scraps in layers with dry leaves"", ""Turn the mixture every few days"", ""Use the finished compost in your garden after a few weeks""]",,"[""composting"", ""sustainability"", ""gardening""]"
ACT177,Check smoke alarms and fire safety at home,"Test smoke alarms, check fire extinguishers, and review the home's fire escape plan.",practical_useful,safety,25,low,home,"smoke alarm if installed, fire extinguisher if available",easy,"[""safety""]",senior,"[""mastery"", ""contribution""]","[""Test any installed smoke alarms"", ""Check the fire extinguisher's expiry if present"", ""Walk through the home's exit routes"", ""Discuss the plan with family members"", ""Note anything that needs fixing""]",,"[""fire safety"", ""home safety"", ""planning""]"
ACT178,Learn to safely dispose of old medicines and electronics,Sort out expired medicines and unused electronics and find the correct safe disposal method.,practical_useful,safety and sustainability,30,low,home,"expired medicines, old electronics",easy,"[""safety"", ""sustainability""]",senior,"[""mastery"", ""contribution""]","[""Collect expired medicines from home"", ""Collect unused or broken electronics"", ""Look up the correct local disposal method"", ""Drop them at the designated collection point"", ""Note the process for next time""]",Do not dispose of medicines or batteries in regular household waste.,"[""disposal"", ""medicines"", ""sustainability""]"
ACT179,Organize a home tool kit,Sort and organize household tools into a labelled kit for easy access.,practical_useful,home organizing,30,medium,home,"existing tools, a box or kit bag, labels",easy,"[""diy"", ""organizing""]",senior,"[""mastery""]","[""Gather all household tools together"", ""Check each one is in working order"", ""Group similar tools together"", ""Place them in a labelled kit or box"", ""Store the kit somewhere easy to reach""]",Handle sharp tools carefully while sorting.,"[""tool kit"", ""organizing"", ""diy""]"
ACT180,Set up a simple filing system for bills and receipts,"Create an ongoing system to file new bills and receipts as they arrive, avoiding future clutter.",practical_useful,organizing,30,low,home,"folder or box, labels",easy,"[""organizing"", ""finance""]",senior,"[""mastery""]","[""Choose a folder or box near where mail arrives"", ""Label sections by category, such as electricity or medical"", ""File a month's worth of existing bills"", ""Decide on a weekly filing habit"", ""Review and clear out old bills every few months""]",,"[""filing"", ""bills"", ""organizing""]"
ACT181,Practice ten minutes of silent meditation,Sit quietly and practice ten minutes of focused breathing meditation.,mindfulness_reflection,meditation,15,low,home,a cushion or chair,easy,"[""meditation"", ""wellness""]",senior,"[""mental_wellbeing""]","[""Sit comfortably in a quiet spot"", ""Close your eyes gently"", ""Focus on your natural breath"", ""Gently return focus whenever your mind wanders"", ""Open your eyes slowly after ten minutes""]",,"[""meditation"", ""mindfulness"", ""breathing""]"
ACT182,Keep a gratitude journal entry,"Write down three things you're grateful for today, with a short reason for each.",mindfulness_reflection,journaling,15,low,home,"notebook, pen",easy,"[""journaling"", ""gratitude""]",senior,"[""mental_wellbeing""]","[""Find a quiet moment, ideally in the evening"", ""Think of three things from today"", ""Write each one down with a short reason"", ""Read them back to yourself"", ""Continue the habit tomorrow""]",,"[""gratitude"", ""journaling"", ""reflection""]"
ACT183,Sit quietly and watch the sunrise or sunset,Take twenty minutes to sit and simply watch the sunrise or sunset without distraction.,mindfulness_reflection,quiet observation,20,low,outdoor,none,easy,"[""nature"", ""reflection""]",senior,"[""mental_wellbeing""]","[""Find a comfortable spot facing the sky"", ""Put away your phone"", ""Watch the changing colours quietly"", ""Notice how it makes you feel"", ""Carry that calm into the rest of your day""]",,"[""sunset"", ""sunrise"", ""mindfulness""]"
ACT184,Practice deep breathing exercises,Practice a structured deep-breathing exercise to calm the mind and body.,mindfulness_reflection,breathing,10,low,home,none,easy,"[""wellness"", ""breathing""]",senior,"[""mental_wellbeing""]","[""Sit or lie down comfortably"", ""Breathe in slowly through the nose for four counts"", ""Hold gently for four counts"", ""Breathe out slowly for six counts"", ""Repeat the cycle ten times""]",Stop if you feel dizzy and breathe normally.,"[""breathing"", ""relaxation"", ""wellness""]"
ACT185,Read a spiritual or philosophical passage,Read and reflect on a short passage from a spiritual or philosophical text.,mindfulness_reflection,spiritual reading,25,low,home,a spiritual or philosophical book,easy,"[""spirituality"", ""reading"", ""philosophy""]",senior,"[""mental_wellbeing"", ""learning""]","[""Choose a short passage to read"", ""Read it slowly, twice"", ""Sit quietly and reflect on its meaning"", ""Write one thought it brought up"", ""Consider how it applies to today""]",,"[""spirituality"", ""reading"", ""reflection""]"
ACT186,Do a body scan relaxation exercise,"Practice a guided body scan, relaxing each part of the body in turn while lying down.",mindfulness_reflection,relaxation,20,low,home,a mat or bed,easy,"[""relaxation"", ""wellness""]",senior,"[""mental_wellbeing"", ""physical_health""]","[""Lie down comfortably"", ""Close your eyes and breathe naturally"", ""Bring attention slowly from feet to head"", ""Consciously relax each part as you go"", ""Rest quietly for a minute before getting up""]",,"[""body scan"", ""relaxation"", ""mindfulness""]"
ACT187,Write a personal reflection on the past year,Write a reflective page on what the past year has taught you and what you hope for ahead.,mindfulness_reflection,journaling,40,low,home,"notebook, pen",easy,"[""journaling"", ""reflection""]",senior,"[""mental_wellbeing"", ""nostalgia""]","[""Set aside quiet, uninterrupted time"", ""Recall the major events of the past year"", ""Write what you learned from them"", ""Write one hope for the year ahead"", ""Keep it to revisit later""]",,"[""reflection"", ""journaling"", ""year review""]"
ACT188,Practice mindful tea or coffee drinking,"Prepare your tea or coffee slowly and drink it mindfully, without any distraction.",mindfulness_reflection,mindful ritual,15,low,home,tea or coffee,easy,"[""mindfulness"", ""tea"", ""coffee""]",senior,"[""mental_wellbeing""]","[""Prepare your tea or coffee slowly and attentively"", ""Sit down without a phone or TV"", ""Notice the aroma before the first sip"", ""Drink slowly, noticing the taste and warmth"", ""Sit quietly for a minute after finishing""]",Take care with hot beverages.,"[""mindfulness"", ""tea ritual"", ""presence""]"
ACT189,"Visit a temple, gurdwara, or place of worship quietly","Visit a place of worship not for a ceremony, but simply to sit quietly and reflect.",mindfulness_reflection,spiritual practice,30,low,community,none,easy,"[""spirituality""]",senior,"[""mental_wellbeing""]","[""Choose a place of worship nearby"", ""Go at a quiet, uncrowded time"", ""Sit quietly for several minutes"", ""Reflect or pray in your own way"", ""Leave feeling calm, without rushing""]",,"[""temple"", ""spirituality"", ""quiet time""]"
ACT190,Practice a loving-kindness reflection,Spend ten minutes silently wishing well-being to yourself and people close to you.,mindfulness_reflection,meditation,10,low,home,none,easy,"[""meditation"", ""wellness""]",senior,"[""mental_wellbeing"", ""connection""]","[""Sit comfortably and close your eyes"", ""Silently wish yourself well-being"", ""Extend the same wish to a loved one"", ""Extend it further to a neutral acquaintance"", ""Extend it finally to everyone you know""]",,"[""loving-kindness"", ""meditation"", ""compassion""]"
ACT191,Declutter your mind with a worry list,"Write down everything on your mind that's worrying you, then note one small step for each.",mindfulness_reflection,journaling,25,low,home,"notebook, pen",easy,"[""journaling"", ""reflection""]",senior,"[""mental_wellbeing""]","[""Write down everything currently worrying you"", ""Don't filter, just list it all"", ""Beside each, write one small next step"", ""Circle the one you can act on today"", ""Put the list away and breathe""]",,"[""worry list"", ""journaling"", ""mental wellbeing""]"
ACT192,Sit in nature and simply listen,Sit outdoors for fifteen minutes and focus only on the sounds around you.,mindfulness_reflection,quiet observation,15,low,outdoor,none,easy,"[""nature"", ""mindfulness""]",senior,"[""mental_wellbeing""]","[""Find a quiet outdoor spot to sit"", ""Close your eyes if comfortable"", ""Focus only on the sounds around you"", ""Notice birds, wind, or distant voices"", ""Open your eyes and notice how calm you feel""]",,"[""nature"", ""listening"", ""mindfulness""]"
ACT193,Practice a simple chanting or mantra session,Recite a familiar chant or mantra slowly and mindfully for ten minutes.,mindfulness_reflection,spiritual practice,15,low,home,"none, or a mala if you use one",easy,"[""spirituality"", ""chanting""]",senior,"[""mental_wellbeing""]","[""Sit comfortably in a quiet space"", ""Choose a familiar chant or mantra"", ""Recite it slowly, focusing on each word"", ""Continue for about ten minutes"", ""Sit quietly for a moment before rising""]",,"[""chanting"", ""mantra"", ""spirituality""]"
ACT194,Write down what you're looking forward to,"Write a short list of things, big or small, that you're genuinely looking forward to.",mindfulness_reflection,journaling,15,low,home,"notebook, pen",easy,"[""journaling"", ""reflection""]",senior,"[""mental_wellbeing""]","[""Sit quietly with a notebook"", ""List things you're looking forward to"", ""Include both near and distant plans"", ""Choose one to actively plan for"", ""Revisit the list when you feel low""]",,"[""journaling"", ""hope"", ""reflection""]"
ACT195,Do a digital detox hour,"Spend one full hour with no phone, television, or screens, doing something calm instead.",mindfulness_reflection,digital wellbeing,60,low,home,none,easy,"[""mindfulness"", ""wellness""]",senior,"[""mental_wellbeing""]","[""Put your phone in another room"", ""Choose a calm alternative activity"", ""Notice any urge to check the phone and let it pass"", ""Spend the hour fully present"", ""Reflect afterward on how it felt""]",,"[""digital detox"", ""mindfulness"", ""screen-free""]"
ACT196,Reflect on a difficult decision from the past,Write a reflective page on a hard decision you once made and what you learned from it.,mindfulness_reflection,journaling,30,low,home,"notebook, pen",easy,"[""reflection"", ""journaling""]",senior,"[""mental_wellbeing"", ""nostalgia""]","[""Recall a difficult decision from your past"", ""Write what led up to it"", ""Write what you learned from the outcome"", ""Note if you'd decide differently today"", ""Close by noting your own growth""]",,"[""reflection"", ""decision"", ""journaling""]"
ACT197,Practice mindful walking in the garden,"Walk slowly and deliberately through your garden or terrace, paying attention to each step and breath.",mindfulness_reflection,mindful movement,20,low,outdoor,comfortable footwear,easy,"[""mindfulness"", ""walking"", ""gardening""]",senior,"[""mental_wellbeing"", ""physical_health""]","[""Choose a garden or terrace path"", ""Walk slower than your usual pace"", ""Notice each footstep and your breathing"", ""Pause to notice a plant or the sky"", ""Return calmly, without rushing""]","Walk on even, stable ground.","[""mindful walking"", ""garden"", ""presence""]"
ACT198,Set gentle intentions for the week ahead,"Sit down at the start of the week and write down three gentle intentions, not rigid goals.",mindfulness_reflection,planning reflection,20,low,home,"notebook, pen",easy,"[""journaling"", ""planning""]",senior,"[""mental_wellbeing""]","[""Sit quietly on a Sunday or Monday morning"", ""Think about how you want to feel this week"", ""Write three gentle intentions, not strict tasks"", ""Place the note somewhere visible"", ""Revisit it midweek to see how it's going""]",,"[""intentions"", ""weekly planning"", ""reflection""]"
ACT199,Practice self-compassion journaling,Write a short letter to yourself with the same kindness you'd offer a close friend.,mindfulness_reflection,journaling,25,low,home,"notebook, pen",easy,"[""journaling"", ""self-care""]",senior,"[""mental_wellbeing""]","[""Think of something that's been weighing on you"", ""Imagine a close friend facing the same thing"", ""Write to yourself with that same kindness"", ""Read it back slowly"", ""Keep it somewhere you can revisit""]",,"[""self-compassion"", ""journaling"", ""wellbeing""]"
ACT200,Practice quiet observation of the moon or stars,Spend twenty minutes outside at night quietly observing the moon or stars without any device.,mindfulness_reflection,quiet observation,20,low,outdoor,none,easy,"[""astronomy"", ""mindfulness""]",senior,"[""mental_wellbeing""]","[""Step outside after dark to a safe spot"", ""Look up at the moon or visible stars"", ""Breathe slowly while observing"", ""Let your thoughts settle quietly"", ""Head back inside feeling calmer""]",Wear proper footwear and use a torch on uneven ground.,"[""stargazing"", ""mindfulness"", ""night""]"
